MoodyLyrics: A music dataset annotated in 4 categories based on Valence and Arousal values of lyrics words,,,,,
,,,,,
Created by:,,,,,
Erion Çano  (erion.cano@polito.it),,,,,
"Polytechnic University of Turin, Department of Control and Computer Engineering",,,,,
,,,,,
Citation and further information:,,,,,
"Çano, E.; Morisio, M. “MoodyLyrics: A Sentiment Annotated Lyrics Dataset"". 2017 International Conference on  ",,,,,
"Intelligent Systems, Metaheuristics & Swarm Intelligence, Hong Kong, March 2017",,,,,
,,,,,
All song lyrics were collected from lyrics.wikia.com and removed to comply with copyright regulations,,,,,
,,,,,
Description:,,,,,
"Song Index ; Artist; Song Title;  Annotaton (happy - Q1, angry - Q2, sad - Q3, relaxed - Q4)",,,,,
,,,,,
Index,Artist,Title,Mood,,
ML1,Usher,There Goes My Baby,relaxed,,
ML2,Da'Ville,On My Mind,relaxed,,
ML3,Rihanna,Rockstar 101 ,relaxed,,
ML4,J. Holiday,Bed,relaxed,,
ML5,Morgan Heritage,Don't Haffi Dread,angry,,
ML6,Whitney Houston,My Love Is Your Love,happy,,
ML7,Serani,Study People,angry,,
ML8,Austra,Spellwork,angry,,
ML9,Coro,Can't Let You Go,happy,,
ML10,Beenie Man,Slam,relaxed,,
ML11,Deitrick Haddon,Love Him Like I Do ,happy,,
ML12,The Jackson 5,ABC,relaxed,,
ML13,Maysa,The Lady In My Life,happy,,
ML14,Ryan Shaw,We Got Love,happy,,
ML15,The Paris Sisters,I Love How You Love Me,happy,,
ML16,New Direction,I Came To Jesus,sad,,
ML17,Kurt Carr & The Kurt Carr Singers,God Great God,happy,,
ML18,Kenny Lattimore,And I Love Her,happy,,
ML19,Jordin Sparks,Battlefield,angry,,
ML20,Spoon,You Got Yr. Cherry Bomb,angry,,
ML21,Tarralyn Ramsey,Peace Of God,relaxed,,
ML22,Tyrese,One,relaxed,,
ML23,Dr. Dog,Where'd All The Time Go?,sad,,
ML24,Tarralyn Ramsey,Unconditional Love,happy,,
ML25,Kool & The Gang,Steppin' Into Love,happy,,
ML26,Anders Osborne,Darkness At The Bottom,sad,,
ML27,The Rolling Stones,Gimme Shelter,angry,,
ML28,The Rolling Stones,Happy,happy,,
ML29,Bobby Bare,Detroit City,relaxed,,
ML30,Gene Watson,Got No Reason Now For Goin' Home,relaxed,,
ML31,George Strait,El Rey,sad,,
ML32,Playing For Change,Don't Worry,relaxed,,
ML33,The Rolling Stones,Melody,relaxed,,
ML34,Stars,Fixed,sad,,
ML35,Glasser,Home,relaxed,,
ML36,Betty Wright,Where Is The Love,happy,,
ML37,Mavis Staples,You Are Not Alone,angry,,
ML38,The Rolling Stones,Not Fade Away,happy,,
ML39,The Beach Boys,God Only Knows,happy,,
ML40,Korn,Blind,sad,,
ML41,Megadeth,Angry Again,angry,,
ML42,Ra,Do You Call My Name,angry,,
ML43,Avenged Sevenfold,Nightmare,angry,,
ML44,Mudvayne,Scream With Me,angry,,
ML45,Static-X,Dirthouse,sad,,
ML46,Metallica,Cyanide,sad,,
ML47,Green Day,Longview,sad,,
ML48,Nirvana,Rape Me,angry,,
ML49,Marilyn Manson,Sweet Dreams ,angry,,
ML50,Staind,Mudshovel,angry,,
ML51,Pantera,This Love,happy,,
ML52,Chevelle,Send The Pain Below,angry,,
ML53,The Red Hot Chili Peppers,Scar Tissue,sad,,
ML54,Metallica,Harvester Of Sorrow,angry,,
ML55,Guns N' Roses,Civil War,angry,,
ML56,Shadows Fall,King Of Nothing,angry,,
ML57,Comeback Kid,Do Yourself A Favor,sad,,
ML58,Rob Zombie,Superbeast,sad,,
ML59,Pearl Jam,Why Go,relaxed,,
ML60,Scorpions,Rock You Like A Hurricane,angry,,
ML61,Nine Inch Nails,Terrible Lie,angry,,
ML62,Stone Temple Pilots,Wicked Garden,angry,,
ML63,Smashing Pumpkins,Bullet With Butterfly Wings,angry,,
ML64,Nirvana,Come As You Are,angry,,
ML65,Black Sabbath,War Pigs,angry,,
ML66,Korn,Everything I've Known,angry,,
ML67,Disturbed,Indestructible,angry,,
ML68,Three Days Grace,Riot,angry,,
ML69,Dierks Bentley,Free And Easy ,relaxed,,
ML70,Kenny Chesney,When The Sun Goes Down ,relaxed,,
ML71,Zac Brown Band,Free,relaxed,,
ML72,Frankie Ballard,Tell Me You Get Lonely,sad,,
ML73,Faith Hill,The Way You Love Me,happy,,
ML74,Blake Shelton,Home,relaxed,,
ML75,Josh Turner,Your Man,relaxed,,
ML76,Alice Cooper,Welcome To My Nightmare,angry,,
ML77,Led Zeppelin,Rock And Roll,sad,,
ML78,Joan Jett & The Blackhearts,I Hate Myself For Loving You,angry,,
ML79,Jonny Lang,Lie To Me,angry,,
ML80,The Doors,Love Her Madly,happy,,
ML81,Eric Clapton,Cocaine,angry,,
ML82,Robert Cray,Smoking Gun,angry,,
ML83,Jefferson Airplane,Somebody To Love,happy,,
ML84,Supertramp,Bloody Well Right,angry,,
ML85,Ted Nugent,Cat Scratch Fever,sad,,
ML86,Alice Cooper,No More Mr. Nice Guy,sad,,
ML87,Neil Young,Heart Of Gold,happy,,
ML88,Boston,Let Me Take You Home Tonight,relaxed,,
ML89,Scorpions,Still Loving You,happy,,
ML90,The Doors,Light My Fire,angry,,
ML91,Night Ranger,Don't Tell Me You Love Me,happy,,
ML92,Lynyrd Skynyrd,That Smell,sad,,
ML93,Pat Benatar,Hit Me With Your Best Shot,angry,,
ML94,Guns N' Roses,Paradise City,relaxed,,
ML95,Yes,I've Seen All Good People,relaxed,,
ML96,Motley Crue,Home Sweet Home,relaxed,,
ML97,Lynyrd Skynyrd,You Got That Right,angry,,
ML98,Bad Company,Feel Like Makin' Love,happy,,
ML99,Jethro Tull,Locomotive Breath,sad,,
ML100,Bad Company,Can't Get Enough,happy,,
ML101,The Who,Love Reign O'er Me,relaxed,,
ML102,Billy Squier,In The Dark,sad,,
ML103,Pink Floyd,One Of These Days,sad,,
ML104,Van Halen,Runnin' With The Devil,angry,,
ML105,David Bowie,Fame,happy,,
ML106,Three Plus,Undercover Lover,relaxed,,
ML107,Three Plus,Honey Baby,relaxed,,
ML108,Three Plus,Two Person Party,relaxed,,
ML109,Bob Marley & The Wailers,Easy Skanking,relaxed,,
ML110,Gregory Isaacs,Private Beach Party,happy,,
ML111,Fiji,Anything You Want,relaxed,,
ML112,Ooklah The Moc,Hell Fire,angry,,
ML113,Shaggy,Angel ,relaxed,,
ML114,Sean Paul,I'm Still In Love With You ,happy,,
ML115,The Beach Boys,Good Vibrations,relaxed,,
ML116,Orleans,Still The One,happy,,
ML117,The Babys,Every Time I Think Of You,happy,,
ML118,R.E.M.,The One I Love,angry,,
ML119,The Cure,Lovesong,happy,,
ML120,Annie Lennox,Walking On Broken Glass,sad,,
ML121,Soft Cell,Tainted Love,happy,,
ML122,Lenny Kravitz,Again,happy,,
ML123,Cyndi Lauper,Time After Time,sad,,
ML124,Falco,Rock Me Amadeus,angry,,
ML125,The Fixx,Saved By Zero,happy,,
ML126,Gino Vannelli,Living Inside Myself,angry,,
ML127,Aretha Franklin,Respect,relaxed,,
ML128,Melissa Etheridge,I'm The Only One,angry,,
ML129,Fleetwood Mac,Go Your Own Way,sad,,
ML130,Andy Kim,Rock Me Gently,relaxed,,
ML131,The Bee Gees,Lonely Days,sad,,
ML132,Rod Stewart,Passion,happy,,
ML133,U2,Pride ,happy,,
ML134,Janet Jackson,Nasty,sad,,
ML135,Howard Jones,What Is Love?,happy,,
ML136,Sheryl Crow,A Change Would Do You Good,relaxed,,
ML137,The Thompson Twins,King For A Day,happy,,
ML138,.38 Special,Second Chance,happy,,
ML139,Depeche Mode,Strangelove,angry,,
ML140,Kajagoogoo,Too Shy,sad,,
ML141,The Flying Lizards,Money ,happy,,
ML142,Kenny Loggins,Danger Zone,angry,,
ML143,Eddie Money,Think I'm In Love,happy,,
ML144,Donna Summer,Bad Girls,sad,,
ML145,John Cougar Mellencamp,Authority Song,angry,,
ML146,Aerosmith,Janie's Got A Gun,angry,,
ML147,The Motels,Only The Lonely,sad,,
ML148,Edwin Starr,War,angry,,
ML149,Tesla,Love Song,happy,,
ML150,Andrew Gold,Lonely Boy,sad,,
ML151,Madonna,Angel,relaxed,,
ML152,Duran Duran,I Don't Want Your Love,happy,,
ML153,Alias,More Than Words Can Say,relaxed,,
ML154,Mr. Mister,Is It Love,happy,,
ML155,Right Said Fred,I'm Too Sexy,happy,,
ML156,John Mellencamp,Lonely Ol' Night,sad,,
ML157,Kenny Loggins,Whenever I Call You Friend ,happy,,
ML158,The Pointer Sisters,Fire,angry,,
ML159,Duran Duran,A View To A Kill,angry,,
ML160,Seals & Crofts,Diamond Girl,relaxed,,
ML161,April Wine,Just Between You And Me,happy,,
ML162,Paul McCartney & Wings,My Love,happy,,
ML163,Nelly Furtado,I'm Like A Bird,relaxed,,
ML164,The Beatles,Can't Buy Me Love,happy,,
ML165,Lita Ford,Kiss Me Deadly,happy,,
ML166,The Trammps,Disco Inferno,angry,,
ML167,Killswitch Engage,This Fire Burns,angry,,
ML168,Atreyu,Lip Gloss And Black,angry,,
ML169,Alkaline Trio,Burn,angry,,
ML170,Demon Hunter,Lifewar,angry,,
ML171,Hot Hot Heat,Bandages,sad,,
ML172,Buzzcocks,Love You More,happy,,
ML173,Social Distortion,Ring Of Fire,angry,,
ML174,Streetlight Manifesto,Sick And Sad,sad,,
ML175,Reel Big Fish,The Fire,angry,,
ML176,Limp Bizkit,Take A Look Around,angry,,
ML177,Rancid,The Bravest Kids,angry,,
ML178,The Clash,White Riot,angry,,
ML179,Me First & The Gimme Gimmes,Over The Rainbow,relaxed,,
ML180,The Winans,Uphold Me,happy,,
ML181,Donnie McClurkin,We Fall Down,sad,,
ML182,Tonex,God Has Not 4got,happy,,
ML183,Jonathan Nelson,My Name Is Victory ,happy,,
ML184,Tamela Mann,Joy Of The Lord,happy,,
ML185,CeCe Winans,Waging War,angry,,
ML186,Juanita Bynum,Peace,relaxed,,
ML187,Vanessa Bell Armstrong,Desire Of My Heart,happy,,
ML188,B.B. King,The Thrill Is Gone,happy,,
ML189,The Art Of Noise,Moments In Love,happy,,
ML190,Norah Jones,Chasing Pirates,sad,,
ML191,Sade,Never As Good As The First Time,relaxed,,
ML192,Chaka Khan,Through The Fire,angry,,
ML193,Alicia Keys,Fallin',happy,,
ML194,Sade,I Couldn't Love You More,happy,,
ML195,Sting,It's Probably Me,angry,,
ML196,Go West,What You Won't Do For Love,happy,,
ML197,Robin Thicke,Lost Without U,happy,,
ML198,Sade,No Ordinary Love,happy,,
ML199,Luther Vandross,Any Love,happy,,
ML200,Sade,Kiss Of Life,happy,,
ML201,Jason Mraz,Lucky ,happy,,
ML202,Kenny G,What A Wonderful World ,relaxed,,
ML203,Bobby Caldwell,What You Won't Do For Love,happy,,
ML204,Dave Matthews Band,Crash Into Me,angry,,
ML205,Michael Buble,Home,relaxed,,
ML206,Anita Baker,Same Ole Love ,happy,,
ML207,Enya,Caribbean Blue,relaxed,,
ML208,Natalie Cole,This Will Be,happy,,
ML209,Avenged Sevenfold,Scream,angry,,
ML210,Metallica,Holier Than Thou,sad,,
ML211,Hail The Villain,Take Back The Fear,angry,,
ML212,Sick Puppies,Street Fighter ,angry,,
ML213,Flyleaf,I'm So Sick,sad,,
ML214,Nirvana,You Know You're Right,angry,,
ML215,Three Days Grace,Home,relaxed,,
ML216,Three Days Grace,Animal I Have Become,angry,,
ML217,Breaking Benjamin,Until The End,angry,,
ML218,Disturbed,The Game,angry,,
ML219,Metallica,Seek And Destroy,angry,,
ML220,Red,Death Of Me,sad,,
ML221,The Prodigy,Breathe,angry,,
ML222,Smashing Pumpkins,Disarm,angry,,
ML223,Soundgarden,Rusty Cage,sad,,
ML224,Silverchair,Tomorrow,sad,,
ML225,Rage Against The Machine,Bombtrack,angry,,
ML226,Taio Cruz,Dirty Picture ,sad,,
ML227,Baby Bash,That's How I Go ,relaxed,,
ML228,Baby Bash,Cyclone ,angry,,
ML229,Baby Bash,Fantasy Girl ,relaxed,,
ML230,Ivory Joe Hunter,Since I Met You Baby,happy,,
ML231,Whitney Houston,I Will Always Love You,happy,,
ML232,Shop Boyz,Party Like A Rock Star,happy,,
ML233,Lady Gaga,LoveGame,happy,,
ML234,Mary J. Blige,Real Love,happy,,
ML235,Chamillionaire,Ridin ,sad,,
ML236,Keith Sweat,Nobody ,happy,,
ML237,Juvenile,Slow Motion ,sad,,
ML238,Mary Wells,What Love Has Joined Together,happy,,
ML239,Fidel Rueda,Me Encantaria,sad,,
ML240,Palomo,No Me Conoces Aun,sad,,
ML241,Los Pikadientes De Caborca,La Cumbia Del Rio,sad,,
ML242,K-Paz De La Sierra,Volvere,sad,,
ML243,Chalino Sanchez,Cuatro Espadas,sad,,
ML244,Banda El Recodo,Pena Tras Pena,sad,,
ML245,Los Cadetes De Linares,Las Tres Tumbas,sad,,
ML246,Los Temerarios,Al Otro Lado Del Sol,sad,,
ML247,Chalino Sanchez,Baraja De Oro ,sad,,
ML248,Eric Church,Love Your Love The Most,happy,,
ML249,Tim McGraw,It's Your Love ,happy,,
ML250,Temple Of The Dog,Hunger Strike,sad,,
ML251,Eric Clapton,Cocaine,angry,,
ML252,Soul For Real,Candy Rain,relaxed,,
ML253,Tank,Sex Music,happy,,
ML254,Matt Redman,This Is How We Know,happy,,
ML255,Big Daddy Weave,Just The Way I Am,happy,,
ML256,Point Of Grace,All The World,relaxed,,
ML257,Steven Curtis Chapman,All About Love,happy,,
ML258,Chris Tomlin,Our God,happy,,
ML259,Steven Curtis Chapman,Not Home Yet,relaxed,,
ML260,Digital Underground,Kiss You Back,happy,,
ML261,Mark Ronson,Bang Bang Bang ,sad,,
ML262,Sting,I Hung My Head,sad,,
ML263,Carrie Rodriguez,Big Love,happy,,
ML264,The Secret Sisters,The One I Love Is Gone,relaxed,,
ML265,Shelby Lynne,Family Tree,sad,,
ML266,Ra Ra Riot,Foolish,sad,,
ML267,Nitin Sawhney,Sunset,relaxed,,
ML268,Sidewalk Prophets,You Can Have Me,happy,,
ML269,Rebecca St. James,Song Of Love,happy,,
ML270,Aaron Shust,My Savior My God,happy,,
ML271,By The Tree,Beautiful One,happy,,
ML272,Josh Wilson,Before The Morning,angry,,
ML273,Aaron Shust,Give Me Words To Speak,relaxed,,
ML274,Jeremy Camp,Take You Back,angry,,
ML275,Jeremy Camp,Beautiful One,happy,,
ML276,Rich Mullins,Awesome God,happy,,
ML277,City On A Hill,God Of Wonders,relaxed,,
ML278,"Phillips, Craig & Dean",Friend Of God,happy,,
ML279,Third Day,I've Always Loved You,happy,,
ML280,Building 429,I Believe ,happy,,
ML281,DecembeRadio,Love Can,happy,,
ML282,Avalon,Testify To Love,relaxed,,
ML283,Sonicflood,I Could Sing Of Your Love Forever,happy,,
ML284,Nichole Nordeman,Time After Time ,sad,,
ML285,Marco Antonio Solis,Si No Te Hubieras Ido,sad,,
ML286,La Sonora Dinamita,Que Nadie Sepa Mi Sufrir,sad,,
ML287,Grupo Bryndis,Por Estar Pensando En Ti,sad,,
ML288,Juan Gabriel,Pero Que Necesidad,sad,,
ML289,Bronco,Oficialmente Loco,sad,,
ML290,Los Pasteles Verdes,El Solitario,sad,,
ML291,Ana Barbara,Bandido,sad,,
ML292,Joan Sebastian,Rumores ,sad,,
ML293,Jose Jose,Lo Dudo,sad,,
ML294,Los Mier,Te Amo,sad,,
ML295,Camilo Sesto,Tarde O Temprano,sad,,
ML296,Marco Antonio Solis,Amor En Silencio,sad,,
ML297,Vicente Fernandez,El Rey,sad,,
ML298,Los Humildes,Vestido Mojado,sad,,
ML299,Los Bukis,Que Mala,sad,,
ML300,Joan Sebastian,El Perdedor,sad,,
ML301,La Mafia,Me Estoy Enamorando,sad,,
ML302,Banda Machos,Al Gato Y Al Raton,sad,,
ML303,Joan Sebastian,Sentimental,sad,,
ML304,Palomo,Baraja De Oro,sad,,
ML305,The Bee Gees,Night Fever,sad,,
ML306,Deniece Williams,It's Gonna Take A Miracle,happy,,
ML307,Wings,Silly Love Songs,happy,,
ML308,Faith Hill,This Kiss,happy,,
ML309,Daryl Hall & John Oates,Kiss On My List,happy,,
ML310,Celine Dion,My Heart Will Go On,happy,,
ML311,Cher,Believe,happy,,
ML312,Backstreet Boys,I Want It That Way,angry,,
ML313,Lil Wayne,On Fire,angry,,
ML314,Kylie,All The Lovers,angry,,
ML315,Chromeo,Don't Turn The Lights On,sad,,
ML316,Rockell,In A Dream,happy,,
ML317,Infernal,From Paris To Berlin,happy,,
ML318,Ministry,Everyday Is Halloween,angry,,
ML319,Ferry Corsten,Fire,angry,,
ML320,Yves Larock,Rise Up,relaxed,,
ML321,Angel City,Love Me Right ,happy,,
ML322,MercyMe,Bless Me Indeed,relaxed,,
ML323,Aaron Shust,Watch Over Me,sad,,
ML324,Pocket Full Of Rocks,Song To The King,happy,,
ML325,The Museum,Never Look Away,angry,,
ML326,Brandon Heath,Love Never Fails,happy,,
ML327,Above The Golden State,I'll Love You So,happy,,
ML328,Jars Of Clay,They'll Know We Are Christians By Our Love,happy,,
ML329,Mark Schultz,Love Has Come,happy,,
ML330,Robbie Seay Band,Song Of Hope ,happy,,
ML331,Matt Brouwer,Sometimes,angry,,
ML332,Third Day,I Believe,happy,,
ML333,Fee,Glory To God Forever,happy,,
ML334,Sade,Somebody Already Broke My Heart,angry,,
ML335,Al Green,I'm Still In Love With You,happy,,
ML336,Phil Collins,Another Day In Paradise,relaxed,,
ML337,Jonathan Butler,So Strong,happy,,
ML338,The Cardigans,Lovefool,happy,,
ML339,Ryan Star,Start A Fire,angry,,
ML340,Dido,Hunter,relaxed,,
ML341,R.E.M.,Shiny Happy People,happy,,
ML342,Evanescence,My Immortal,angry,,
ML343,Michelle Branch,All You Wanted,sad,,
ML344,Tonic,You Wanted More,happy,,
ML345,Fontella Bass,Rescue Me,happy,,
ML346,The Beach Boys,Wouldn't It Be Nice,relaxed,,
ML347,Three Dog Night,An Old Fashioned Love Song,happy,,
ML348,The Beatles,Here Comes The Sun,relaxed,,
ML349,Billy Joel,Uptown Girl,relaxed,,
ML350,The Beatles,Love Me Do ,happy,,
ML351,The Beatles,In My Life,happy,,
ML352,The Beatles,All You Need Is Love,happy,,
ML353,Johnny Nash,I Can See Clearly Now,relaxed,,
ML354,Three Dog Night,Joy To The World,happy,,
ML355,Ringo Starr,It Don't Come Easy,relaxed,,
ML356,Shontelle,Perfect Nightmare,angry,,
ML357,Ke$ha,Your Love Is My Drug,happy,,
ML358,Shenandoah,I Want To Be Loved Like That,happy,,
ML359,George Strait,Baby Blue,relaxed,,
ML360,Porter Wagoner,"Green, Green Grass Of Home",relaxed,,
ML361,John Anderson,Wild And Blue,relaxed,,
ML362,Merle Haggard,Rainbow Stew,relaxed,,
ML363,Juice Newton,Angel Of The Morning,relaxed,,
ML364,Randy Travis,If I Didn't Have You,sad,,
ML365,Johnny Cash,Ring Of Fire,angry,,
ML366,Willie Nelson,Always On My Mind,relaxed,,
ML367,Dwight Yoakam,Honky Tonk Man,relaxed,,
ML368,Mark Chesnutt,Brother Jukebox,relaxed,,
ML369,Cavo,Blame,sad,,
ML370,Sammy Hagar,I Don't Need Love,happy,,
ML371,Alice Cooper,School's Out,sad,,
ML372,Kiss,Do You Love Me?,happy,,
ML373,Led Zeppelin,Nobody's Fault But Mine,sad,,
ML374,ZZ Top,Blue Jean Blues,relaxed,,
ML375,Thirty Seconds To Mars,This Is War,angry,,
ML376,311,Lovesong,happy,,
ML377,Marilyn Manson,Tainted Love,happy,,
ML378,Muse,Supermassive Black Hole,sad,,
ML379,Three Days Grace,Pain,angry,,
ML380,The Cult,Fire Woman,angry,,
ML381,Nirvana,Polly,sad,,
ML382,Stone Temple Pilots,Unglued,sad,,
ML383,Jimmy Eat World,Pain,angry,,
ML384,Blink-182,I Miss You,sad,,
ML385,Cake,Sick Of You,sad,,
ML386,Metric,Eclipse ,angry,,
ML387,Cake,War Pigs,angry,,
ML388,Marilyn Manson,The Fight Song,angry,,
ML389,Muse,Map Of The Problematique,sad,,
ML390,The Temptations,I Want A Love I Can See,happy,,
ML391,Alejandro Fernandez,Matalas,sad,,
ML392,Mary J. Blige,I Love You,happy,,
ML393,Liquits,Desde Que,sad,,
ML394,Pedro Infante,Luna De Octubre,sad,,
ML395,Bobby Vinton,Mr. Lonely,sad,,
ML396,Tommy James & The Shondells,Crystal Blue Persuasion,relaxed,,
ML397,Victor Manuelle,Nunca Habia Llorado Asi ,sad,,
ML398,Ian Van Dahl,Will I,happy,,
ML399,Kosheen,Hide U,angry,,
ML400,Ronnie Milsap,Stranger In My House,relaxed,,
ML401,Hank Williams,Your Cheatin' Heart,relaxed,,
ML402,Mark Chesnutt,Your Love Is A Miracle,happy,,
ML403,Dolly Parton,Real Love,happy,,
ML404,Patty Loveless,I'm That Kind Of Girl,relaxed,,
ML405,The Marshall Tucker Band,Heard It In A Love Song,happy,,
ML406,T. Graham Brown,I Tell It Like It Used To Be,happy,,
ML407,Marty Stuart,Burn Me Down,angry,,
ML408,George Strait,Let's Fall To Pieces Together,sad,,
ML409,Sammi Smith,Help Me Make It Through The Night,sad,,
ML410,Dolly Parton,Love Is Like A Butterfly,relaxed,,
ML411,Dolly Parton,I Will Always Love You,happy,,
ML412,Emmylou Harris,Queen Of The Silver Dollar,relaxed,,
ML413,Earl Thomas Conley,I Can't Win For Losin' You,happy,,
ML414,Charley Pride,Kiss An Angel Good Mornin',happy,,
ML415,The Judds,Love Can Build A Bridge,happy,,
ML416,Jack Ingram,Mustang Burn,angry,,
ML417,George Strait,TRUE,relaxed,,
ML418,Vince Gill,When I Call Your Name,sad,,
ML419,Alabama,Old Flame,angry,,
ML420,Dwight Yoakam,Please Please Baby,relaxed,,
ML421,Eddie Rabbitt,You And I,happy,,
ML422,Dwight Yoakam,Ain't That Lonely Yet,sad,,
ML423,Jonatha Brooke,Little Bird,relaxed,,
ML424,Quincy Jones,Killer Joe,sad,,
ML425,Roberta Flack & Donny Hathaway,Where Is The Love,happy,,
ML426,Jon B.,Someone To Love ,happy,,
ML427,Jack Ingram,Love You,happy,,
ML428,Taylor Dayne,I'll Always Love You,happy,,
ML429,Santana,Whole Lotta Love ,happy,,
ML430,Soundgarden,Let Me Drown,angry,,
ML431,Alice Cooper,Poison,angry,,
ML432,Dokken,Alone Again,sad,,
ML433,Iron Maiden,Phantom Of The Opera,sad,,
ML434,Scorpions,Animal Magnetism,happy,,
ML435,Black Sabbath,The Devil Cried,angry,,
ML436,The Who,Long Live Rock,sad,,
ML437,Led Zeppelin,Bring It On Home,relaxed,,
ML438,Scorpions,Coming Home,relaxed,,
ML439,Brian McKnight,Love Of My Life,happy,,
ML440,Lionel Richie,Penny Lover,happy,,
ML441,Lisa Stansfield,Change,happy,,
ML442,Celine Dion,Love Can Move Mountains,happy,,
ML443,Jah Cure,Love Is,happy,,
ML444,Jody Watley,Looking For A New Love,happy,,
ML445,Bobby Darin,Dream Lover,relaxed,,
ML446,The Archies,"Sugar, Sugar",relaxed,,
ML447,Gwen Mccrae,Rockin' Chair,relaxed,,
ML448,Whitney Houston,You Give Good Love,happy,,
ML449,Paul Anka,Puppy Love,happy,,
ML450,Harold Melvin & The Blue Notes,Don't Leave Me This Way,happy,,
ML451,Gyptian,Beautiful Lady,relaxed,,
ML452,Bob Marley & The Wailers,So Much Trouble In The World,angry,,
ML453,Donna Summer,Love To Love You Baby,happy,,
ML454,Donna Summer,I Feel Love,happy,,
ML455,New Edition,Lost In Love,happy,,
ML456,Duane Stephenson,Cottage In Negril,relaxed,,
ML457,Beyonce,Dangerously In Love,happy,,
ML458,Rihanna,Russian Roulette,angry,,
ML459,Michael Jackson,Gone Too Soon,relaxed,,
ML460,Shania Twain,From This Moment On,relaxed,,
ML461,Julio Iglesias,My Love,happy,,
ML462,"Phillips, Craig & Dean",You Are God Alone,happy,,
ML463,Matt Brouwer,"Father, I Adore You",happy,,
ML464,Counting Crows,Accidentally In Love,happy,,
ML465,Fistful Of Mercy,Father's Son,sad,,
ML466,Greg Laswell,Take Everything ,relaxed,,
ML467,A Flock Of Seagulls,Space Age Love Song,happy,,
ML468,Peter Gabriel,Shock The Monkey,sad,,
ML469,Los Tigres Del Norte,Jose Perez Leon,sad,,
ML470,The Beatles,P.S. I Love You,happy,,
ML471,Portugal. The Man,People Say,angry,,
ML472,Concrete Blonde,Joey,angry,,
ML473,Bruce Springsteen,I'm On Fire,angry,,
ML474,Sufjan Stevens,Vesuvius,angry,,
ML475,Fastball,Out Of My Head,sad,,
ML476,Dire Straits,So Far Away,relaxed,,
ML477,Train,Cab,sad,,
ML478,Blind Faith,Can't Find My Way Home,relaxed,,
ML479,Dave Matthews Band,Everyday,happy,,
ML480,Pete Droge & The Sinners,Beautiful Girl,relaxed,,
ML481,Roxy Music,Jealous Guy,angry,,
ML482,Shawn Colvin,Get Out Of This House,relaxed,,
ML483,U2,Window In The Skies,happy,,
ML484,Mark Schultz,Love Has Come,happy,,
ML485,Sidewalk Prophets,You Can Have Me,happy,,
ML486,Josh Wilson,Before The Morning,angry,,
ML487,Brandon Heath,Your Love,happy,,
ML488,Jeremy Camp,Take You Back,angry,,
ML489,Third Day,God Of Wonders,relaxed,,
ML490,The Georgia Mass Choir,Joy,happy,,
ML491,Stevie Wonder,Lookin' For Another Pure Love,happy,,
ML492,Jody Watley,Real Love,happy,,
ML493,Chet Baker,Let's Get Lost,angry,,
ML494,Nina Simone,Feeling Good,relaxed,,
ML495,Mel Torme,Comin' Home Baby,relaxed,,
ML496,Freddie Hubbard,Red Clay,happy,,
ML497,Cassandra Wilson,Time After Time,sad,,
ML498,Patrice Rushen,Remind Me,happy,,
ML499,Curtis Mayfield,Give Me Your Love ,happy,,
ML500,Chayanne,Tu Boca,sad,,
ML501,Jeremias,Hay Un Amor Afuera,sad,,
ML502,David Bisbal,Esclavo De Sus Besos,sad,,
ML503,Darlene Zschech,Call Upon His Name ,relaxed,,
ML504,Aaron Shust,To God Alone,happy,,
ML505,Laura Story,What A Savior,happy,,
ML506,Darrell Evans,Trading My Sorrows,angry,,
ML507,Newsong,My Heart's Already There,happy,,
ML508,Britt Nicole,The Lost Get Found,angry,,
ML509,Jadon Lavik,Hear Our Song,happy,,
ML510,The Afters,All That I Am,happy,,
ML511,Todd Agnew,Joy Unspeakable,happy,,
ML512,Norman Hutchins,Get Ready For Your Miracle,happy,,
ML513,Diana Krall,You're My Thrill,happy,,
ML514,Jonathan Butler,Color Green,relaxed,,
ML515,John Coltrane,Acknowledgement,happy,,
ML516,Seether,Driven Under,angry,,
ML517,Soundgarden,Rhinosaur,sad,,
ML518,Metallica,Fight Fire With Fire,angry,,
ML519,Deftones,You've Seen the Butcher,sad,,
ML520,Velvet Revolver,Fall To Pieces,sad,,
ML521,Puddle Of Mudd,Away From Me,angry,,
ML522,Staind,Home,angry,,
ML523,Pearl Jam,Glorified G,angry,,
ML524,Alex Bueno,Que Vuelva,sad,,
ML525,Los Iracundos,Y Te Has Quedado Sola,sad,,
ML526,Moenia,Ni Tu Ni Nadie,sad,,
ML527,David Guetta,On The Dancefloor ,angry,,
ML528,Los Cadetes De Linares,El Palomito,sad,,
ML529,La Oreja De Van Gogh,Vestido Azul,sad,,
ML530,Paulina Rubio,Algo De Ti,sad,,
ML531,Fred Hammond & Radical For Christ,I Will Bless His Holy Name,relaxed,,
ML532,Whitney Houston,Joy ,happy,,
ML533,Israel & New Breed,Friend Of God,happy,,
ML534,Micah Stampley,War Cry,angry,,
ML535,Gary Wright,Love Is Alive,happy,,
ML536,Scissor Sisters,Fire With Fire,angry,,
ML537,The Drifters,Some Kind Of Wonderful,relaxed,,
ML538,J. Moss,Abundantly,relaxed,,
ML539,Phil Perry,Love Don't Love Nobody,happy,,
ML540,Cherrelle,Everything I Miss At Home,relaxed,,
ML541,The Ohio Players,Love Rollercoaster,happy,,
ML542,The Staple Singers,Respect Yourself,relaxed,,
ML543,Clyde McPhatter,Lover Please,sad,,
ML544,The Jackson 5,Maybe Tomorrow,relaxed,,
ML545,The Blackbyrds,Walking In Rhythm,relaxed,,
ML546,Shalamar,Take That To The Bank,happy,,
ML547,Maze,Love Is The Key ,relaxed,,
ML548,Gerald Levert,Baby Hold On To Me,relaxed,,
ML549,Maxwell,Fortunate,relaxed,,
ML550,Eddie Kendricks,Intimate Friends,happy,,
ML551,Teena Marie,Young Love,happy,,
ML552,Ledisi,In The Morning,happy,,
ML553,Miki Howard,Come Share My Love,happy,,
ML554,Smokey Robinson,I Can't Give You Anything But Love,happy,,
ML555,George Benson,Don't Let Me Be Lonely Tonight,sad,,
ML556,Natalie Cole,Our Love,happy,,
ML557,Jimmy Sommers,If I Knew ,angry,,
ML558,Kindred The Family Soul,House Of Love,relaxed,,
ML559,Anita Baker,Angel,relaxed,,
ML560,Usher,Burn,angry,,
ML561,Waka Flocka Flame,Bustin' At 'Em,sad,,
ML562,Wavves,Mickey Mouse,sad,,
ML563,Suuns,Organ Blues,happy,,
ML564,The Apples In Stereo,Dream About The Future,relaxed,,
ML565,Bob Marley & The Wailers,Small Axe,sad,,
ML566,Waking The Cadaver,Boss Status,angry,,
ML567,Jah Cure,Troddin The Valley,angry,,
ML568,Bonnie 'Prince' Billy,Love Comes To Me,happy,,
ML569,Clap Your Hands Say Yeah,In This Home On Ice,sad,,
ML570,No Age,Fever Dreaming,sad,,
ML571,Grizzly Bear,Knife,angry,,
ML572,Out Hud,It's For You,sad,,
ML573,Hot Snakes,Braintrust,relaxed,,
ML574,Gravenhurst,The Velvet Cell,angry,,
ML575,Jemina Pearl,I Hate People ,angry,,
ML576,Asobi Seksu,Thursday,sad,,
ML577,Someone Still Loves You Boris Yeltsin,In Pairs,happy,,
ML578,Living Sacrifice,The Training,angry,,
ML579,Elliott Smith,Let's Get Lost,angry,,
ML580,Spank Rock,What It Look Like,sad,,
ML581,Stacey Kent,What A Wonderful World,relaxed,,
ML582,Frank Sinatra,My Kind Of Girl,relaxed,,
ML583,Ted Weems,Heartaches,happy,,
ML584,Rosemary Clooney,Come On-A My House,relaxed,,
ML585,Tommy Dorsey & His Orchestra,I'll Never Smile Again ,happy,,
ML586,Billie Holiday,Nice Work If You Can Get It,relaxed,,
ML587,Nat King Cole,Too Young,happy,,
ML588,Frank Sinatra,Nice 'N' Easy,relaxed,,
ML589,Nat King Cole,The Very Thought Of You ,relaxed,,
ML590,Escape The Fate,Issues,sad,,
ML591,Garbage,Stupid Girl,sad,,
ML592,Alkaline Trio,This Addiction,sad,,
ML593,Radiohead,Just,sad,,
ML594,Deftones,Minerva,relaxed,,
ML595,Sublime,Jailhouse,angry,,
ML596,Against Me!,I Was A Teenage Anarchist,angry,,
ML597,Sade,Love Is Stronger Than Pride,happy,,
ML598,Bruce Hornsby,Walk In The Sun,relaxed,,
ML599,Brian McKnight,Crazy Love,happy,,
ML600,Lionel Richie,You Are,happy,,
ML601,Harry Nilsson,Jump Into The Fire,happy,,
ML602,The Derek Trucks Band,Rastaman Chant,relaxed,,
ML603,Monchy & Alexandra,Dos Locos,sad,,
ML604,Chayanne,Un Siglo Sin Ti,sad,,
ML605,Domenic Marte,Eres Asi,sad,,
ML606,Juanes,Me Enamora,sad,,
ML607,Aleks Syntek,Duele El Amor ,sad,,
ML608,Amy Grant,Lucky One,happy,,
ML609,Natalie Cole,Inseparable,relaxed,,
ML610,Michael Jackson,One More Chance,happy,,
ML611,Robert John,Sad Eyes,sad,,
ML612,Elton John,Blue Eyes,relaxed,,
ML613,Bread,Make It With You,relaxed,,
ML614,Wilson Phillips,You're In Love,happy,,
ML615,Three Dog Night,Black & White,relaxed,,
ML616,Carly Simon,Haven't Got Time For The Pain,angry,,
ML617,Kenny Loggins,Meet Me Half Way,relaxed,,
ML618,Lionel Richie,Truly,happy,,
ML619,Stevie Wonder,Sweetest Somebody I Know,happy,,
ML620,Michael Jackson,Got To Be There,relaxed,,
ML621,The Emotions,Don't Ask My Neighbors,angry,,
ML622,The Majors,A Wonderful Dream,relaxed,,
ML623,The Everly Brothers,All I Have To Do Is Dream,relaxed,,
ML624,War,The World Is A Ghetto,relaxed,,
ML625,The O'Jays,For The Love Of Money,happy,,
ML626,The Rolling Stones,I Just Want To Make Love To You,happy,,
ML627,The Beatles,Birthday,happy,,
ML628,The Beatles,The End,happy,,
ML629,.38 Special,Fantasy Girl,relaxed,,
ML630,The Beatles,Happiness Is A Warm Gun,angry,,
ML631,The Jimi Hendrix Experience,Stone Free,relaxed,,
ML632,Alice Cooper,Be My Lover,relaxed,,
ML633,Sanctus Real,The Face Of Love,happy,,
ML634,BarlowGirl,I Need You To Love Me,happy,,
ML635,John Prine,Glory Of True Love,happy,,
ML636,Luciano,For The Leaders,angry,,
ML637,Gregory Isaacs,Slavemaster,angry,,
ML638,Chimaira,Pure Hatred,angry,,
ML639,Sevendust,Bitch,angry,,
ML640,Theory Of A Deadman,Hate My Life,angry,,
ML641,Evans Blue,Cold ,sad,,
ML642,Patricia Barber,Easy To Love,relaxed,,
ML643,Alabama,Down Home,relaxed,,
ML644,Jo Dee Messina,Bring On The Rain,sad,,
ML645,Thousand Foot Krutch,Fire It Up,angry,,
ML646,God Forbid,War Of Attrition,angry,,
ML647,Nirvana,Come As You Are,angry,,
ML648,Chiodos,Caves,angry,,
ML649,Nirvana,Polly ,sad,,
ML650,Lit,Miserable,angry,,
ML651,Olga Tanon,Asi Es La Vida,sad,,
ML652,Britney Spears,Toxic,angry,,
ML653,Natasha Bedingfield,These Words,happy,,
ML654,Akon,Don't Matter,angry,,
ML655,Sean Kingston,Fire Burning On The Dance Floor,angry,,
ML656,Robert Plant,You Can't Buy My Love,happy,,
ML657,Rosanne Cash,Motherless Children,happy,,
ML658,The Black Keys,Next Girl,relaxed,,
ML659,The Beatles,Octopus's Garden,relaxed,,
ML660,Moby,Study War,angry,,
ML661,Neil Young,Sign Of Love,happy,,
ML662,John Lennon & The Plastic Ono Band,Power To The People,happy,,
ML663,Iron Fire,Still Alive,angry,,
ML664,The Sword,Freya,sad,,
ML665,Inoj,Time After Time,sad,,
ML666,Reba,Strange,relaxed,,
ML667,Tanya Tucker,Some Kind Of Trouble,angry,,
ML668,Tanya Tucker,Down To My Last Teardrop,relaxed,,
ML669,Shadows Fall,Still I Rise,angry,,
ML670,Backstreet Boys,Quit Playing Games ,happy,,
ML671,Peter Cetera,Glory Of Love,happy,,
ML672,Blessid Union Of Souls,I Believe,happy,,
ML673,The Gap Band,You Dropped A Bomb On Me,angry,,
ML674,Debbie Gibson,Shake Your Love,happy,,
ML675,Incubus,Love Hurts,happy,,
ML676,The Psychedelic Furs,Heaven,relaxed,,
ML677,Dinosaur Jr.,Feel The Pain,angry,,
ML678,Echo & The Bunnymen,People Are Strange,sad,,
ML679,Iggy Pop,Lust For Life,happy,,
ML680,Crocodiles,Sleep Forever,relaxed,,
ML681,Nirvana,Sliver,relaxed,,
ML682,Ashanti,The Way That I Love You,happy,,
ML683,Maze,Southern Girl ,relaxed,,
ML684,Carole King,Will You Love Me Tomorrow?,happy,,
ML685,Mint Condition,You Don't Have To Hurt No More,angry,,
ML686,Robin Thicke,The Sweetest Love,happy,,
ML687,Eliane Elias,Movin' Me On,relaxed,,
ML688,Interpol,Barricade,sad,,
ML689,Rob Zombie,Mars Needs Women,angry,,
ML690,Rascal Flatts,I Won't Let Go,angry,,
ML691,The Beatles,Golden Slumbers,relaxed,,
ML692,Spirit,Fresh Garbage,sad,,
ML693,Vanilla Fudge,You Keep Me Hangin' On,happy,,
ML694,The Sylvers,Boogie Fever,sad,,
ML695,George Harrison,What Is Life,happy,,
ML696,Nicolette Larson,Lotta Love,happy,,
ML697,Lindsey Buckingham,Trouble,angry,,
ML698,U2,Angel Of Harlem,relaxed,,
ML699,Grand Funk Railroad,Bad Time,happy,,
ML700,Haddaway,What Is Love,angry,,
ML701,The S.O.S. Band,Take Your Time ,relaxed,,
ML702,Peter Frampton,I'm In You,happy,,
ML703,Operation Ivy,Unity,angry,,
ML704,Papa Roach,Burn,angry,,
ML705,Apocalyptica,Bring Them To Light ,angry,,
ML706,Kopek,Love Is Dead,angry,,
ML707,Peaches & Herb,Close Your Eyes,happy,,
ML708,The Temptations,You're My Everything,relaxed,,
ML709,GQ,I Do Love You,happy,,
ML710,Chalino Sanchez,El Crimen De Culiacan,sad,,
ML711,Shedaisy,Come Home Soon,relaxed,,
ML712,Garth Brooks,Standing Outside The Fire,angry,,
ML713,Lee Ann Womack,I May Hate Myself In The Morning,angry,,
ML714,Nat King Cole,L-O-V-E,happy,,
ML715,Jose Feliciano,Light My Fire,angry,,
ML716,DeBarge,All This Love,happy,,
ML717,Norah Jones,My Blue Heaven,relaxed,,
ML718,Elmore James,The Sky Is Crying,relaxed,,
ML719,Elvis Costello,One Bell Ringing,sad,,
ML720,Nicki Minaj,Save Me,relaxed,,
ML721,Brandon Heath,Your Love,happy,,
ML722,Michael W. Smith,Awesome God,happy,,
ML723,Jeremy Riddle,Bless His Name,relaxed,,
ML724,"Phillips, Craig & Dean",Because I'm Forgiven,happy,,
ML725,Sarah Sadler,Beautiful,happy,,
ML726,Juan Gabriel,Abrazame Muy Fuerte,sad,,
ML727,Chalino Sanchez,Baraja De Oro,sad,,
ML728,Sam Cooke,Trouble Blues,angry,,
ML729,Salvador,You Are There,happy,,
ML730,Billy Ocean,Love Is Forever,happy,,
ML731,Seal,I'm Still In Love With You,happy,,
ML732,Intocable,Contra Viento Y Marea,sad,,
ML733,Sonny James,Young Love,happy,,
ML734,Dolly Parton,Yellow Roses,relaxed,,
ML735,Innerpartysystem,American Trash,sad,,
ML736,Edward Sharpe & The Magnetic Zeros,Home,relaxed,,
ML737,Tenacious D,The Metal,sad,,
ML738,The Heartbeats,A Thousand Miles Away,relaxed,,
ML739,Surface,Happy,happy,,
ML740,The Gap Band,Yearning For Your Love,happy,,
ML741,War,Outlaw,angry,,
ML742,Dinora Y La Juventud,A Puro Dolor,sad,,
ML743,Lhasa,De Cara A La Pared,sad,,
ML744,Duncan Dhu,En Algun Lugar,sad,,
ML745,Miguel Aceves Mejia,Rogaciano,sad,,
ML746,Audioslave,Original Fire,angry,,
ML747,Chickenfoot,Sexy Little Thing,happy,,
ML748,Veruca Salt,Seether,angry,,
ML749,Corinne Bailey Rae,Is This Love,happy,,
ML750,Jack White,Wayfaring Stranger,relaxed,,
ML751,Cross Canadian Ragweed,Fightin' For,angry,,
ML752,Janie Frickie,It Ain't Easy Bein' Easy,relaxed,,
ML753,The Statler Brothers,Bed Of Roses,relaxed,,
ML754,Dolly Parton,But You Know I Love You,happy,,
ML755,Marilyn Manson,The Nobodies,sad,,
ML756,Ozzy Osbourne,Killer Of Giants,angry,,
ML757,L.A. Guns,Never Enough,relaxed,,
ML758,Iron Maiden,Iron Maiden,sad,,
ML759,Honeymoon Suite,New Girl Now,relaxed,,
ML760,Stevie Ray Vaughan & Double Trouble,Willie The Wimp ,sad,,
ML761,Faith Evans,Love Like This,happy,,
ML762,Elvis Presley,Jailhouse Rock,sad,,
ML763,Al Martino,I Love You Because,happy,,
ML764,George McCrae,Rock Your Baby,relaxed,,
ML765,Bruce Springsteen,Save My Love,relaxed,,
ML766,Dolores O'Riordan,The Journey,relaxed,,
ML767,She & Him,I Should Have Known Better,happy,,
ML768,Ian Dury & The Blockheads,Hit Me With Your Rhythm Stick,angry,,
ML769,The Red Hot Chili Peppers,Behind The Sun,relaxed,,
ML770,J.D. Souther,You're Only Lonely,sad,,
ML771,Freelance Whales,Starring,angry,,
ML772,The Cure,Fascination Street,sad,,
ML773,Jack Johnson,Wasting Time,sad,,
ML774,The Beatles,Thank You Girl ,relaxed,,
ML775,Electronic,Getting Away With It,happy,,
ML776,Chris Tomlin,Our God,happy,,
ML777,Robbie Seay Band,Song of Hope,happy,,
ML778,Hezekiah Walker & The Love Fellowship Crusade Choir,Grateful ,relaxed,,
ML779,Martha Munizzi,Invincible God,happy,,
ML780,Vickie Winans,The Rainbow,relaxed,,
ML781,The Shirelles,Will You Love Me Tomorrow,happy,,
ML782,Dianne Reeves,Afro Blue,relaxed,,
ML783,Black Label Society,Bored To Tears,sad,,
ML784,George Michael,I Want Your Sex,happy,,
ML785,Slayer,War Ensemble,angry,,
ML786,Metallica,Crash Course In Brain Surgery,angry,,
ML787,Monchy & Alexandra,Hasta El Fin,sad,,
ML788,Patrulla 81,Como Me Haces Falta,sad,,
ML789,Aliados De La Sierra,Te Amo,sad,,
ML790,Los Rieleros Del Norte,Un Juego,sad,,
ML791,Conjunto Primavera,El Amor Que Nunca Fue,sad,,
ML792,Luther Vandross,Anyone Who Had A Heart,happy,,
ML793,New Edition,Candy Girl,relaxed,,
ML794,Tower Of Power,Give Me Your Love,happy,,
ML795,Joan Osborne,War,angry,,
ML796,Jimmy Smith,Strut ,relaxed,,
ML797,"Harry Connick, Jr.",My Blue Heaven,relaxed,,
ML798,The Brian Setzer Orchestra,The Dirty Boogie,sad,,
ML799,Joni Mitchell,Sometimes I'm Happy,happy,,
ML800,Jimmy Smith,I Just Wanna Make Love To You ,happy,,
ML801,The Naked And Famous,All Of This,sad,,
ML802,The Jesus & Mary Chain,Just Like Honey,relaxed,,
ML803,Destructor,Skull Splitter,sad,,
ML804,Noah And The Whale,Give A Little Love,happy,,
ML805,Grizzly Bear,Lullabye,relaxed,,
ML806,Best Coast,Honey,relaxed,,
ML807,Warpaint,Composure,sad,,
ML808,Sly & The Family Stone,Family Affair,relaxed,,
ML809,Gliss,Morning Light,happy,,
ML810,Kaiser Chiefs,I Predict A Riot,angry,,
ML811,Buzzcocks,Ever Fallen In Love?,happy,,
ML812,Jay Reatard,DOA,happy,,
ML813,OFF!,Upside Down,sad,,
ML814,The Jesus & Mary Chain,The Hardest Walk,sad,,
ML815,Fang Island,The Illinois,relaxed,,
ML816,The Decemberists,This Is Why We Fight,angry,,
ML817,No Age,Life Prowler,happy,,
ML818,Someone Still Loves You Boris Yeltsin,Everlyn,sad,,
ML819,Billie Holiday,There Is No Greater Love,happy,,
ML820,Louis Armstrong,Stormy Weather,sad,,
ML821,Chevelle,Vitamin R ,angry,,
ML822,Deftones,Bored,sad,,
ML823,Muse,Knights Of Cydonia,angry,,
ML824,Bebel Gilberto,Aganju,sad,,
ML825,Peter Gabriel,Digging In The Dirt,sad,,
ML826,KMFDM,WWIII,angry,,
ML827,Michael Bolton,Said I Loved You...But I Lied,happy,,
ML828,England Dan & John Ford Coley,It's Sad To Belong,sad,,
ML829,Queen Latifah,What Love Has Joined Together,happy,,
ML830,Roberta Flack,Set The Night To Music ,relaxed,,
ML831,Otis Redding,Respect,relaxed,,
ML832,"Emerson, Lake & Palmer",From The Beginning,sad,,
ML833,Roisin Murphy,Let Me Know,sad,,
ML834,Elton John,Sad Songs ,sad,,
ML835,Sarah Vaughan,You're Not The Kind,relaxed,,
ML836,Alan Jackson,A Woman's Love,happy,,
ML837,Dean Martin,Innamorata,happy,,
ML838,Fine Young Cannibals,Ever Fallen In Love,happy,,
ML839,LeAnn Rimes,God Bless America,relaxed,,
ML840,Diana Krall,Little Girl Blue,relaxed,,
ML841,Billie Holiday,Did I Remember?,angry,,
ML842,Billie Holiday,The Very Thought Of You,relaxed,,
ML843,"Hamilton, Joe Frank & Reynolds",Fallin' In Love,happy,,
ML844,Mary J. Blige,Real Love ,happy,,
ML845,Trivium,Shattering The Skies Above,angry,,
ML846,Jarabe De Palo,El Lado Oscuro,sad,,
ML847,Ricardo Arjona,Pinguinos En La Cama,sad,,
ML848,The Oak Ridge Boys,Fancy Free,relaxed,,
ML849,Bobby Bare,500 Miles Away From Home,relaxed,,
ML850,Willie Nelson,Let It Be Me,happy,,
ML851,Willie Nelson,Blue Skies,relaxed,,
ML852,Ronnie Milsap,"Happy, Happy Birthday Baby",happy,,
ML853,Dolly Parton,Think About Love,happy,,
ML854,Marty Robbins,Big Iron,sad,,
ML855,Faron Young,Hello Walls,sad,,
ML856,Billy Swan,I Can Help,relaxed,,
ML857,Frank Sinatra,Nice Work If You Can Get It,relaxed,,
ML858,The Red Hot Chili Peppers,Fortune Faded,sad,,
ML859,Taddy Porter,Shake Me,sad,,
ML860,Rob Zombie,Sick Bubble-Gum,sad,,
ML861,Egypt Central,You Make Me Sick,sad,,
ML862,Juelz Santana,There It Go ,relaxed,,
ML863,Skindred,Pressure,angry,,
ML864,The Wannadies,Skin,happy,,
ML865,Vanessa Williams,My Flame,happy,,
ML866,Paula Abdul,The Way That You Love Me,happy,,
ML867,My Morning Jacket,Circuital,sad,,
ML868,The Beatles,Yer Blues,sad,,
ML869,George Harrison,Isn't It A Pity,sad,,
ML870,Arthur Brown,Fire,angry,,
ML871,J Boog,Let's Do It Again ,relaxed,,
ML872,Kapena,Masese,sad,,
ML873,Pat Benatar,Fire And Ice,angry,,
ML874,The Four Tops,When She Was My Girl,relaxed,,
ML875,The Honey Drippers,Sea Of Love,happy,,
ML876,Emmylou Harris,Home Sweet Home,relaxed,,
ML877,Toots & The Maytals,Pressure Drop,angry,,
ML878,James Blake,Lindisfarne I,sad,,
ML879,Dan Deacon,Wet Wings,sad,,
ML880,Jane Monheit,Save Your Love For Me,happy,,
ML881,Foster The People,Warrant,angry,,
ML882,Jens Lekman,I'm Leaving You Because I Don't Love You,happy,,
ML883,Bill Callahan,Sycamore,angry,,
ML884,Wye Oak,Civilian,relaxed,,
ML885,The Doors,The Spy,angry,,
ML886,Slayer,Cult,angry,,
ML887,Dirge Within,Self Medicate,angry,,
ML888,Atreyu,Ex's And Oh's,sad,,
ML889,Donnie McClurkin,When You Love ,happy,,
ML890,Anita Baker,You Bring Me Joy,happy,,
ML891,Anita Baker,Good Love,happy,,
ML892,Adele,Love Song,happy,,
ML893,Adelitas Way,Sick,sad,,
ML894,Sick Puppies,War,angry,,
ML895,Red,Feed The Machine,sad,,
ML896,Metallica,Metal Militia,sad,,
ML897,Cold,Wicked World,angry,,
ML898,Anthrax,Among The Living,angry,,
ML899,Blackguard,Firefight,angry,,
ML900,Katy Perry,E.T. ,angry,,
ML901,The Stylistics,You're A Big Girl Now,relaxed,,
ML902,Kid Rock,Collide ,angry,,
ML903,Millie Small,My Boy Lollipop,happy,,
ML904,The Rolling Stones,We Love You,happy,,
ML905,Bob Marley & The Wailers,War,angry,,
ML906,Gene Pitney,Only Love Can Break A Heart,happy,,
ML907,John Hiatt,What Kind Of Man,relaxed,,
ML908,Joan Armatrading,This Charming Life,happy,,
ML909,The Isley Brothers,Fight The Power Part 1,angry,,
ML910,War,Me And Baby Brother,relaxed,,
ML911,Eskmo,Color Dropping,relaxed,,
ML912,Chris Tomlin,Our God,happy,,
ML913,Celine Dion,God Bless America,relaxed,,
ML914,Lincoln Brewster,All I Really Want,happy,,
ML915,Jose Jose,O Tu O Yo,sad,,
ML916,Joe Cocker,You Are So Beautiful,happy,,
ML917,Cassandra Wilson,Blue Skies,relaxed,,
ML918,Roy Milton,Thrill Me,happy,,
ML919,Billie Holiday,Nice Work If You Can Get It,relaxed,,
ML920,Delirious?,Stronger,happy,,
ML921,Ready For The World,Love You Down,happy,,
ML922,New Edition,I'm Still In Love With You,happy,,
ML923,Frederick Knight,I've Been Lonely For So Long,sad,,
ML924,Wilson Pickett,Don't Let The Green Grass Fool You,relaxed,,
ML925,Jill Scott,So In Love ,happy,,
ML926,Johnny Gill,In The Mood,relaxed,,
ML927,One Way,Cutie Pie,relaxed,,
ML928,Elvis Presley,Heartbreak Hotel,sad,,
ML929,The Platters,I Love You 1000 Times,happy,,
ML930,Bo Diddley,Bo Diddley,relaxed,,
ML931,Brenton Wood,Gimme Little Sign,relaxed,,
ML932,Barry Manilow,Can't Smile Without You,sad,,
ML933,Shenandoah,Rock My Baby,relaxed,,
ML934,Hank Snow,Hello Love,happy,,
ML935,Zebra,One More Chance,happy,,
ML936,Sammy Hagar,Baby's On Fire,angry,,
ML937,Tony Carey,I Won't Be Home Tonight,relaxed,,
ML938,Whitesnake,Love Ain't No Stranger,happy,,
ML939,Muse,Stockholm Syndrome,angry,,
ML940,Jose Alfredo Jimenez,El Rey,sad,,
ML941,Los Alegres De Teran,Hermosisimo Lucero,sad,,
ML942,Nice & Wild,Diamond Girl,relaxed,,
ML943,The Cult,Sun King,relaxed,,
ML944,Sammy Kershaw,Love Of My Life,happy,,
ML945,Craig Morgan,God Must Really Love Me,happy,,
ML946,Alan Jackson,Ring Of Fire,angry,,
ML947,David Kersh,Goodnight Sweetheart,relaxed,,
ML948,Robert Earl Keen,Something I Do,relaxed,,
ML949,Willie Nelson,Uncloudy Day,relaxed,,
ML950,Ryan Adams,To Be Young ,sad,,
ML951,Reckless Kelly,Some People's Kids,angry,,
ML952,Praise Band,Awesome God,happy,,
ML953,Phish,Free,relaxed,,
ML954,Christine McVie,Got A Hold On Me,happy,,
ML955,Chic,I Want Your Love,happy,,
ML956,Don Henley,Sunset Grill,relaxed,,
ML957,Underoath,A Boy Brushed Red Living In Black And White,angry,,
ML958,Vreid,Disciplined,angry,,
ML959,Belphegor,Blood Magick Necromance,angry,,
ML960,Murder By Death,Comin' Home,relaxed,,
ML961,My Darkest Days,Move Your Body,angry,,
ML962,Akon,Lonely,sad,,
ML963,Conjunto Primavera,Fue Un Placer Amarte,sad,,
ML964,Terri Clark,I Just Wanna  Be Mad,angry,,
ML965,Built To Spill,Goin' Against Your Mind,relaxed,,
ML966,Bo Diddley,Bring It To Jerome,relaxed,,
ML967,Jane Monheit,I'm Glad There Is You,happy,,
ML968,Ann Hampton Callaway,What Is This Thing Called Love?,happy,,
ML969,B.B. King,Don't Answer The Door,relaxed,,
ML970,James Hunter,No Smoke Without Fire,angry,,
ML971,Melody Gardot,Over The Rainbow,relaxed,,
ML972,Stevie Wonder,For Your Love,happy,,
ML973,Simon & Garfunkel,Homeward Bound,relaxed,,
ML974,Wadsworth Mansion,Sweet Mary,relaxed,,
ML975,Bayside,"Sick, Sick, Sick",sad,,
ML976,"Does It Offend You, Yeah?",The Monkeys Are Coming,angry,,
ML977,Rosie & The Originals,Angel Baby,happy,,
ML978,Maze,Happy Feelin's ,happy,,
ML979,Zoe,Love,happy,,
ML980,Young Galaxy,The Angels Are Surely Weeping,sad,,
ML981,PJ Harvey,This Mess We're In,relaxed,,
ML982,Kylesa,Dust,sad,,
ML983,Silversun Pickups,Waste It On,sad,,
ML984,Oh Land,White Nights,relaxed,,
ML985,The Beatles,And I Love Her,happy,,
ML986,Serge Gainsbourg,Requiem Pour Un C...,sad,,
ML987,Bebel Gilberto,Aganju,sad,,
ML988,The Dramatics,Get Up And Get Down,sad,,
ML989,Tinsley Ellis,Speak No Evil,angry,,
ML990,Kurt Elling,Matte Kudasai,sad,,
ML991,Merle Haggard,Going Where The Lonely Go,sad,,
ML992,Johnny Cash,Rusty Cage,sad,,
ML993,Green Day,Sassafrass Roots,sad,,
ML994,Judas Priest,Painkiller,angry,,
ML995,Mr. Big,Addicted To That Rush,sad,,
ML996,The Rolling Stones,Hang Fire,angry,,
ML997,Jack Johnson,From The Clouds,relaxed,,
ML998,Robbie Robertson,He Don't Live Here No More,sad,,
ML999,Stereophonics,Maybe Tomorrow,relaxed,,
ML1000,The Police,So Lonely,sad,,
ML1001,Rockpile,Teacher Teacher,relaxed,,
ML1002,Air,Cherry Blossom Girl,relaxed,,
ML1003,Los Lobos,Come On Let's Go,happy,,
ML1004,Damien Rice,The Blowers Daughter,relaxed,,
ML1005,Byron Cage,It Is To You,relaxed,,
ML1006,Will Downing,Lover's Melody ,relaxed,,
ML1007,Mary J. Blige,I Can See In Color,relaxed,,
ML1008,Hezekiah Walker & The Love Fellowship Crusade Choir,Power Belongs To God,happy,,
ML1009,Donald Byrd,Think Twice,happy,,
ML1010,The Meters,Fire On The Bayou,angry,,
ML1011,Inner City,Good Life,happy,,
ML1012,La Ley,Aqui,sad,,
ML1013,Ednita Nazario,Sobrevivo,sad,,
ML1014,Fats Domino,All By Myself,happy,,
ML1015,Al Green,You've Got The Love I Need ,happy,,
ML1016,Patrice Rushen,Settle For My Love,happy,,
ML1017,K-Paz De La Sierra,Volvere,sad,,
ML1018,Ricardo Montaner,Tan Enamorados,sad,,
ML1019,RBD,Nuestro Amor,sad,,
ML1020,Belinda,Bella Traicion,sad,,
ML1021,Braids,Lemonade,sad,,
ML1022,The Stooges,No Fun,happy,,
ML1023,Sonic Youth,Reena,relaxed,,
ML1024,Fatboy Slim,Everybody Needs A 303,happy,,
ML1025,Metric,On The Sly,angry,,
ML1026,Warpaint,Set Your Arms Down,angry,,
ML1027,White Fence,Harness,relaxed,,
ML1028,Bloc Party,Like Eating Glass,sad,,
ML1029,Smith Westerns,Fallen In Love,relaxed,,
ML1030,Tokyo Police Club,Big Difference,sad,,
ML1031,Love Is All,Make Out Fall Out Make Up,sad,,
ML1032,Tony Bennett,Because Of You,happy,,
ML1033,Billie Holiday,Summertime,relaxed,,
ML1034,The Red Hot Chili Peppers,Blood Sugar Sex Magik,happy,,
ML1035,Warrant,Sometimes She Cries,sad,,
ML1036,Enya,Amarantine,happy,,
ML1037,Andy Andy,Que Ironia,sad,,
ML1038,Victor Manuelle,Asi Es La Mujer,sad,,
ML1039,Motley Crue,Louder Than Hell,angry,,
ML1040,New Order,Shellshock,angry,,
ML1041,The Beatles,I Should Have Known Better,happy,,
ML1042,Roger Daltrey,Without Your Love,happy,,
ML1043,David Lee Roth,Just Like Paradise,relaxed,,
ML1044,Ohio Express,Yummy Yummy Yummy,happy,,
ML1045,Small Faces,Itchycoo Park,happy,,
ML1046,The Supremes,Baby Love,happy,,
ML1047,"Blood, Sweat & Tears",You've Made Me So Very Happy,happy,,
ML1048,Olivia Newton-John,I Honestly Love You,happy,,
ML1049,The Ronettes,"Baby, I Love You",happy,,
ML1050,Van Morrison,Crazy Love,happy,,
ML1051,The Rascals,People Got To Be Free,relaxed,,
ML1052,Eddie Holman,Hey There Lonely Girl,sad,,
ML1053,The Cowsills,"The Rain, The Park And Other Things",relaxed,,
ML1054,The Bee Gees,Tragedy,angry,,
ML1055,The Beatles,Love Me Do,happy,,
ML1056,Wayne Fontana & The Mindbenders,The Game Of Love,happy,,
ML1057,Otis Redding,That's How Strong My Love Is,happy,,
ML1058,The Whispers,It's A Love Thing,happy,,
ML1059,Laura Izibor,From My Heart To Yours,happy,,
ML1060,Rufus & Chaka Khan,Do You Love What You Feel,happy,,
ML1061,Loose Ends,Slow Down,sad,,
ML1062,Ann Nesby,Put It On Paper ,sad,,
ML1063,Anthony Hamilton,The Point Of It All,happy,,
ML1064,Donny Hathaway,I Love You More Than You'll Ever Know,happy,,
ML1065,Jerzee Monet,Most High,relaxed,,
ML1066,Boney James,Don't Let Me Be Lonely Tonight ,sad,,
ML1067,Karyn White,Love Saw It ,happy,,
ML1068,Teena Marie,Portuguese Love,happy,,
ML1069,Lisa Fischer,How Can I Ease The Pain,angry,,
ML1070,Dave Hollister,Take Care Of Home,relaxed,,
ML1071,Gotan Project,Amor Porteno ,sad,,
ML1072,The Infamous Stringdusters,Starry Night,relaxed,,
ML1073,Skeletonwitch,Upon Wings Of Black,angry,,
ML1074,Hatebreed,Destroy Everything,angry,,
ML1075,Lamb Of God,Black Label,angry,,
ML1076,Metallica,St. Anger,angry,,
ML1077,Whitney Houston,All The Man That I Need,happy,,
ML1078,Patti LaBelle,Kiss Away The Pain,angry,,
ML1079,Johnny Hartman,The Very Thought Of You,relaxed,,
ML1080,The Radio Dept.,Heaven's On Fire,angry,,
ML1081,Baths,Maximalist,happy,,
ML1082,Lucinda Williams,Born To Be Loved,happy,,
ML1083,Daft Punk,Make Love,happy,,
ML1084,New Order,Age Of Consent,angry,,
ML1085,Roy Orbison,Candy Man,relaxed,,
ML1086,El Guincho,Lycra Mistral,sad,,
ML1087,The Hundred In The Hands,Dead Ending,sad,,
ML1088,Yeah Yeah Yeahs,Maps,happy,,
ML1089,Ed Bruce,The Last Cowboy Song,sad,,
ML1090,Crystal Gayle,A Long And Lasting Love,happy,,
ML1091,Pat Benatar,We Live For Love,happy,,
ML1092,Boz Scaggs,Breakdown Dead Ahead,angry,,
ML1093,The Raveonettes,War In Heaven,angry,,
ML1094,Stateless,Assassinations,sad,,
ML1095,Me'Shell Ndegeocello,Love You Down,happy,,
ML1096,Gorillaz,Broken,angry,,
ML1097,Vivian Girls,I Heard You Say,sad,,
ML1098,Franz Ferdinand,Do You Want To,happy,,
ML1099,UNKLE,Hold My Hand,sad,,
ML1100,36 Crazyfists,The All Night Lights,sad,,
ML1101,The Devil Wears Prada,Dez Moines,sad,,
ML1102,Alabama,Sad Lookin' Moon,sad,,
ML1103,Rufus & Chaka Khan,Everlasting Love,happy,,
ML1104,Mr. Capone-E,Light My Fire ,angry,,
ML1105,Raheem DeVaughn,I Don't Care,angry,,
ML1106,Herb Alpert & The Tijuana Brass,A Taste Of Honey,relaxed,,
ML1107,Gretchen Parlato,Blue In Green,relaxed,,
ML1108,Gucci Mane,I Don't Love Her ,happy,,
ML1109,Keri Hilson,Make Love,happy,,
ML1110,Chris Brown,Beautiful People ,happy,,
ML1111,Jeremy Camp,You Never Let Go,angry,,
ML1112,Rocio Durcal,No Sirvo Para Estar Sin Ti,sad,,
ML1113,Albert Hammond,Echame A Mi La Culpa,sad,,
ML1114,Banda El Recodo,Tiro Arriba,sad,,
ML1115,Roberta Gambarini,From This Moment On,relaxed,,
ML1116,Back Door Slam,Come Home,relaxed,,
ML1117,Immature,Never Lie,angry,,
ML1118,The Everly Brothers,When Will I Be Loved,happy,,
ML1119,Enanitos Verdes,Mejor No Hablemos De Amor,sad,,
ML1120,The Herbaliser,Gadget Funk,angry,,
ML1121,The Drums,I Need Fun In My Life,happy,,
ML1122,Michael Franti & Spearhead,Light Up Ya Lighter,angry,,
ML1123,Mission Of Burma,That's How I Escaped My Certain Fate,sad,,
ML1124,Frank Sinatra,My Kind Of Town,relaxed,,
ML1125,Loreena McKennitt,Down By The Sally Gardens,relaxed,,
ML1126,Sin Fang,Always Everything,sad,,
ML1127,Fischerspooner,Happy,sad,,
ML1128,Craig Morgan,I Got You,relaxed,,
ML1129,Willie Nelson & Leon Russell,Heartbreak Hotel,sad,,
ML1130,Son Volt,Drown,angry,,
ML1131,Faith No More,War Pigs,angry,,
ML1132,Whitney Houston,Miracle,happy,,
ML1133,Drive-By Truckers,Everybody Needs Love,happy,,
ML1134,Sarah McLachlan,Into The Fire,angry,,
ML1135,Florence & The Machine,You've Got The Love,happy,,
ML1136,Culture Club,It's A Miracle,happy,,
ML1137,Elbow,With Love,happy,,
ML1138,Graham Parker,White Honey,relaxed,,
ML1139,Beck,Lost Cause,angry,,
ML1140,Dianne Reeves,Love For Sale,happy,,
ML1141,Melba Moore,Time To Come Home ,relaxed,,
ML1142,Incognito,Your Sun My Sky ,relaxed,,
ML1143,Gloria Trevi,Me Rio De Ti,sad,,
ML1144,Soraya,Llevame,sad,,
ML1145,Bury Your Dead,Twelfth Stroke Of Midnight,sad,,
ML1146,Roy Orbison,Only The Lonely ,sad,,
ML1147,Roy Orbison,Running Scared,angry,,
ML1148,Banda Maguey,Que Sacrificio,sad,,
ML1149,Alejandro Fernandez,Si He Sabido Amor,sad,,
ML1150,Martha Munizzi,Mighty God,happy,,
ML1151,Fred Hammond,Keep On Praisin',relaxed,,
ML1152,Kirk Franklin,Afterwhile ,angry,,
ML1153,Phil Perry,The World Is A Ghetto,relaxed,,
ML1154,Expatriate,Gotta Get Home,relaxed,,
ML1155,Boney James,I Get Lonely,sad,,
ML1156,Billy Corgan,A100,happy,,
ML1157,Patty Griffin,Rowing Song,sad,,
ML1158,Gyptian,So Much In Love,happy,,
ML1159,Tito Nieves,Mi Eterno Amor Secreto,sad,,
ML1160,Grupo Niche,Gotas De Lluvia,sad,,
ML1161,Billie Holiday,Prelude To A Kiss,happy,,
ML1162,Barbara Lewis,Make Me Your Baby,happy,,
ML1163,Brook Benton,Lie To Me,angry,,
ML1164,Roomful Of Blues,That's A Pretty Good Love,happy,,
ML1165,The Beatles,I Want You ,angry,,
ML1166,Paul McCartney & Wings,Helen Wheels,sad,,
ML1167,The Doors,Waiting For The Sun,relaxed,,
ML1168,Elvis Presley,Heartbreak Hotel,sad,,
ML1169,Herman's Hermits,Listen People,happy,,
ML1170,Peter & Gordon,True Love Ways,happy,,
ML1171,Donovan,Wear Your Love Like Heaven,happy,,
ML1172,The Hollies,The Air That I Breathe,relaxed,,
ML1173,Gene Vincent & His Blue Caps,Be-Bop-A-Lula,relaxed,,
ML1174,Ruby & The Romantics,Our Day Will Come,happy,,
ML1175,Maze,We Are One ,happy,,
ML1176,Con Funk Shun,Ffun,happy,,
ML1177,Angela Winbush,Angel,relaxed,,
ML1178,Charlie Wilson,Without You,relaxed,,
ML1179,Jazmine Sullivan,Fear,angry,,
ML1180,Big Head Blues Club,Kind Hearted Woman,happy,,
ML1181,James Brown,I'll Go Crazy,happy,,
ML1182,Lucinda Williams,Joy,happy,,
ML1183,Willie Nelson,Night Life ,happy,,
ML1184,Max Romeo & The Upsetters,War Ina Babylon,angry,,
ML1185,Freddie Hubbard,Red Clay,happy,,
ML1186,Static-X,Bled For Days,angry,,
ML1187,Hatebreed,Ghosts Of War,angry,,
ML1188,Howlin' Wolf,Shake For Me,relaxed,,
ML1189,"Earth, Wind & Fire",Evil,angry,,
ML1190,Della Reese,Don't You Know,happy,,
ML1191,James Taylor,Don't Let Me Be Lonely Tonight,sad,,
ML1192,Rob Zombie,Demon Speeding,angry,,
ML1193,Motorhead,The Game,angry,,
ML1194,Marc Anthony,Viviendo,sad,,
ML1195,Jo Dee Messina,Because You Love Me,happy,,
ML1196,Bad Religion,The Biggest Killer In American History,angry,,
ML1197,The Clash,Tommy Gun,angry,,
ML1198,Dio,Stand Up And Shout,angry,,
ML1199,Kirk Franklin & The Family,Now Behold The Lamb,relaxed,,
ML1200,Tye Tribbett & G.A.,Still Have Joy,happy,,
ML1201,Sarah Vaughan,Fever,sad,,
ML1202,Pendulum,Out Here,sad,,
ML1203,Bettye LaVette,It Don't Come Easy,relaxed,,
ML1204,Desperation Band,The Difference,happy,,
ML1205,Chelley,Took The Night,angry,,
ML1206,Jose Feliciano,Feliz Navidad,happy,,
ML1207,Johnny O.,Fantasy Girl,relaxed,,
ML1208,Sonora Santanera,Donde Estas Yolanda,sad,,
ML1209,Andy Palacio & The Garifuna Collective,Baba ,sad,,
ML1210,Harlem,Spray Paint,relaxed,,
ML1211,Fleet Foxes,Sun It Rises,relaxed,,
ML1212,Nellie McKay,The Very Thought Of You,relaxed,,
ML1213,The Album Leaf,Falling From The Sun,sad,,
ML1214,Nellie McKay,Mother Of Pearl,angry,,
ML1215,Steel Pulse,Blazing Fire ,angry,,
ML1216,Michael Franti & Spearhead,All I Want Is You,happy,,
ML1217,Broken Bells,Sailing To Nowhere,sad,,
ML1218,G. Love & Special Sauce,"Peace, Love & Happiness",relaxed,,
ML1219,Ed Bruce,You're The Best Break This Old Heart Ever Had,happy,,
ML1220,La Mafia,Quiero Amanecer Contigo,sad,,
ML1221,Conjunto Primavera,No Se Vivir Sin Ti,sad,,
ML1222,Palomo,Nos Falto,sad,,
ML1223,Dokken,Into The Fire,angry,,
ML1224,Kreator,Warcurse,angry,,
ML1225,Delirious?,I Could Sing Of Your Love Forever,happy,,
ML1226,Culture Club,The War Song,angry,,
ML1227,Skillet,The Last Night,sad,,
ML1228,Third Day,Silent Night,relaxed,,
ML1229,Elvis Presley,Blue Christmas,relaxed,,
ML1230,The Carpenters,"Merry Christmas, Darling",happy,,
ML1231,Kenny Loggins,Celebrate Me Home,relaxed,,
ML1232,Casting Crowns,I Heard The Bells On Christmas Day,relaxed,,
ML1233,Third Day,Joy To The World,happy,,
ML1234,Vince Vance & The Valiants,All I Want For Christmas Is You,relaxed,,
ML1235,Kelley Stoltz,Fire Escape,angry,,
ML1236,George Harrison,I Dig Love,happy,,
ML1237,Kirk Franklin & The Family,Silent Night,relaxed,,
ML1238,Boyz II Men,Silent Night,relaxed,,
ML1239,Israel Houghton,I Receive,happy,,
ML1240,Sharon Jones & The Dap-Kings,Be Easy,relaxed,,
ML1241,Israel Houghton,Others,happy,,
ML1242,Incognito,Feel The Pressure,angry,,
ML1243,Alejandro Sanz,Cuando Nadie Me Ve,sad,,
ML1244,Elvis Costello,I Lost You,angry,,
ML1245,The Replacements,Skyway,sad,,
ML1246,Vampire Weekend,Mansard Roof,sad,,
ML1247,Grant-Lee Phillips,It Ain't The Same Old Cold War Harry,angry,,
ML1248,The Who,I'm Free,relaxed,,
ML1249,The Flaming Lips,Yoshimi Battles The Pink Robots,angry,,
ML1250,U2,I Fall Down,sad,,
ML1251,Jason Collett,I'll Bring The Sun,relaxed,,
ML1252,Bruce Springsteen,Fire,angry,,
ML1253,Andrew Bird,Plasticities,angry,,
ML1254,Lori McKenna,Pour,relaxed,,
ML1255,Alaska Y Dinarama,Ni Tu Ni Nadie,sad,,
ML1256,Marvin Gaye,You Sure Love To Ball,happy,,
ML1257,The Chi-Lites,Toby,sad,,
ML1258,Luther Vandross,At Christmas Time,happy,,
ML1259,Frank Sinatra,It Gets Lonely Early,sad,,
ML1260,John Pizzarelli,Mountain Greenery,relaxed,,
ML1261,The Brooklyn Tabernacle Choir,Happy Birthday Jesus,happy,,
ML1262,Rebecca St. James,Happy Xmas ,happy,,
ML1263,Matt Brouwer,Have Yourself A Merry Little Christmas,happy,,
ML1264,Jars Of Clay,Love Came Down at Christmas,happy,,
ML1265,MercyMe,Joseph's Lullaby,relaxed,,
ML1266,Third Day,Merry Christmas,happy,,
ML1267,Frank Reyes,Por Ti Voy A Morir,sad,,
ML1268,Rod Stewart,What A Wonderful World ,relaxed,,
ML1269,Judas Priest,Metal Gods,sad,,
ML1270,Alejandro Escovedo,Silver Cloud,happy,,
ML1271,The Beatles,Two Of Us,relaxed,,
ML1272,Mnemic,Within,angry,,
ML1273,Godsmack,Running Blind ,sad,,
ML1274,Teddy Pendergrass,Joy,happy,,
ML1275,Eva Cassidy,Time After Time,sad,,
ML1276,Courtney John,Lucky Man,happy,,
ML1277,Maysa,A Woman In Love,happy,,
ML1278,Michael Buble,Dream,relaxed,,
ML1279,Alejandra Guzman,Hasta El Final,sad,,
ML1280,The Prodigy,Shoot Down,angry,,
ML1281,Joy Division,Heart And Soul,angry,,
ML1282,Wire,Reuters,angry,,
ML1283,Junior Boys,Teach Me How To Fight,angry,,
ML1284,John Mayer,Slow Dancing In A Burning Room,sad,,
ML1285,Black Prairie,Red Rocking Chair,relaxed,,
ML1286,Tom Petty,It's Good To Be King,relaxed,,
ML1287,New Order,Your Silent Face,sad,,
ML1288,The Clash,I'm So Bored With The U.S.A.,sad,,
ML1289,Greg Laswell,Off I Go,sad,,
ML1290,Justice,Civilization,angry,,
ML1291,Sia,I Go To Sleep,relaxed,,
ML1292,The Big Pink,Love In Vain,happy,,
ML1293,Interpol,Safe Without,relaxed,,
ML1294,Morcheeba,Sao Paulo,angry,,
ML1295,Jeff Buckley,Grace,angry,,
ML1296,Cold War Kids,Hospital Beds,angry,,
ML1297,Air,Sexy Boy,happy,,
ML1298,Maps,It Will Find You,happy,,
ML1299,Air,Napalm Love,happy,,
ML1300,Eric Clapton,Bad Love,happy,,
ML1301,Elton John,Sorry Seems To Be The Hardest Word,sad,,
ML1302,The Meters,Chicken Strut,sad,,
ML1303,Wanda Jackson,Nervous Breakdown,angry,,
ML1304,M.I.A.,Fire Fire,angry,,
ML1305,Andreya Triana,X,sad,,
ML1306,Peggy Sue,Matilda,sad,,
ML1307,Z.Z. Hill,Down Home Blues,relaxed,,
ML1308,Ryan Adams & The Cardinals,Fix It,happy,,
ML1309,The Robert Cray Band,Smoking Gun,angry,,
ML1310,Huey,When I Hustle ,relaxed,,
ML1311,Parlours,I Dream Of Chicago,relaxed,,
ML1312,Three Dog Night,The Family Of Man,relaxed,,
ML1313,Vince Gill,Take Your Memory With You,sad,,
ML1314,Faith Hill,Take Me As I Am,relaxed,,
ML1315,Strike Anywhere,The Promise,sad,,
ML1316,Elefante,El Abandonao,sad,,
ML1317,Kenny Rogers,Love Lifted Me,happy,,
ML1318,L.A. Guns,Kiss My Love Goodbye,happy,,
ML1319,James Ingram,I Don't Have The Heart,happy,,
ML1320,Nelly,Party People ,happy,,
ML1321,The Dirty Dozen Brass Band,Ruler Of My Heart ,angry,,
ML1322,The Pretenders,Kid,sad,,
ML1323,The Drifters,Save The Last Dance For Me,relaxed,,
ML1324,Ray LaMontagne,Three More Days,relaxed,,
ML1325,Marvin Gaye,Come Live With Me Angel,relaxed,,
ML1326,Donnie McClurkin,Great And Mighty Is Our God,happy,,
ML1327,Maysa,Out Of The Blue,happy,,
ML1328,Lykke Li,Youth Knows No Pain,angry,,
ML1329,Darker My Love,Waves,sad,,
ML1330,Death By Stereo,Welcome To The Party,angry,,
ML1331,Marsha Ambrosius,Lose Myself,happy,,
ML1332,Dave Alvin,Black Sky,relaxed,,
ML1333,Mission Of Burma,Donna Sumeria,happy,,
ML1334,The Blues Brothers,Sweet Home Chicago,relaxed,,
ML1335,Ratatat,Seventeen Years,sad,,
ML1336,Six Feet Under,Seed Of Filth,sad,,
ML1337,Telekinesis,I Got You,relaxed,,
ML1338,Ceo,White Magic,relaxed,,
ML1339,Obits,Back And Forth,sad,,
ML1340,Surfer Blood,Take It Easy,relaxed,,
ML1341,Elliott Smith,Needle In The Hay,sad,,
ML1342,The Smiths,Ask,angry,,
ML1343,Discovery,So Insane,angry,,
ML1344,Mustafa Sandal,Kalmadi,sad,,
ML1345,Ratt,You're In Love,happy,,
ML1346,Charlie Gracie,Butterfly,relaxed,,
ML1347,Jose Jose,Tu Me Estas Volviendo Loco,sad,,
ML1348,Juan Luis Guerra,El Costo De La Vida,sad,,
ML1349,Ricky Martin,Con Tu Nombre,sad,,
ML1350,Marvin Gaye,Pride And Joy ,happy,,
ML1351,Queen Latifah,Simply Beautiful ,happy,,
ML1352,The Blind Boys Of Alabama,Down By The Riverside ,angry,,
ML1353,Gloria Lynne,I'm Glad There Is You,happy,,
ML1354,The Tymes,So Much In Love,happy,,
ML1355,Elvis Presley,Love Me Tender,happy,,
ML1356,Roy Orbison,Dream Baby ,relaxed,,
ML1357,The Allman Brothers Band,Revival,happy,,
ML1358,The Blackbyrds,Happy Music,happy,,
ML1359,Ray Charles,Crazy Love ,happy,,
ML1360,The Whispers,My Heart Your Heart,happy,,
ML1361,Blackstreet,Joy,happy,,
ML1362,U2,The Three Sunrises,happy,,
ML1363,Morrissey,"The More You Ignore Me, The Closer I Get",angry,,
ML1364,Fenix TX,All My Fault,sad,,
ML1365,Take 6,You Don't Have To Be Afraid,angry,,
ML1366,NLT,That Girl,relaxed,,
ML1367,J. Valentine,She Worth The Trouble,angry,,
ML1368,John Brown,Imma Love You Right,happy,,
ML1369,Los Super Reyes,El Rey ,sad,,
ML1370,Death Cab For Cutie,Someday You Will Be Loved,happy,,
ML1371,Daryle Singletary,Amen Kind Of Love,relaxed,,
ML1372,Lonestar,Tell Her,happy,,
ML1373,Lemon Jelly,Space Walk,happy,,
ML1374,Gregory Porter,Lonely One,sad,,
ML1375,Sinead O'Connor,War,angry,,
ML1376,Charles Bradley,I Believe In Your Love,happy,,
ML1377,The Grateful Dead,Fire On The Mountain,angry,,
ML1378,Dixie Chicks,There's Your Trouble,angry,,
ML1379,Loretta Lynn,Trouble On The Line,angry,,
ML1380,The Midnighters,Sexy Ways ,happy,,
ML1381,The Diamonds,The Stroll,relaxed,,
ML1382,Little Richard,Long Tall Sally,happy,,
ML1383,Mike Reno & Ann Wilson,Almost Paradise,relaxed,,
ML1384,Gregg Allman,I Believe I'll Go Back Home,relaxed,,
ML1385,Stevie Wonder,Creepin',relaxed,,
ML1386,Duffy,Rockferry,relaxed,,
ML1387,Justin Bieber,One Less Lonely Girl,sad,,
ML1388,Silversun Pickups,Growing Old Is Getting Old,angry,,
ML1389,Carney,Love Me Chase Me,relaxed,,
ML1390,Bobby Helms,My Special Angel,relaxed,,
ML1391,Clay Walker,I Can't Sleep,relaxed,,
ML1392,Mutemath,The Nerve,angry,,
ML1393,The Mars Volta,Asilos Magdalena,sad,,
ML1394,Solid Gold,Who You  Gonna Run To?,angry,,
ML1395,Karyn White,The Way You Love Me,happy,,
ML1396,Nina Simone,House Of The Rising Sun,relaxed,,
ML1397,The Breeders,New Year,relaxed,,
ML1398,Miss Kittin & The Hacker,Indulgence,happy,,
ML1399,The Concretes,You Can't Hurry Love,happy,,
ML1400,Dr. Dog,Ain't It Strange,relaxed,,
ML1401,Balkan Beat Box,War Again,angry,,
ML1402,Death Cab For Cutie,We Laugh Indoors,happy,,
ML1403,The Kills,U.R.A. Fever,sad,,
ML1404,Mickey Gilley,Lonely Nights,sad,,
ML1405,Toots & The Maytals,True Love Is Hard To Find ,happy,,
ML1406,Crowded House,Fall At Your Feet,sad,,
ML1407,Ten Years After,I'm Going Home,relaxed,,
ML1408,Donavon Frankenreiter,"Life, Love & Laughter",happy,,
ML1409,Mary Mary,Ordinary People,happy,,
ML1410,Nat King Cole,Brazilian Love Song ,relaxed,,
ML1411,Nnenna Freelon,If I Only Had A Brain ,angry,,
ML1412,Nnenna Freelon,If I Only Had A Brain ,angry,,
ML1413,Bebel Gilberto,Aganju,sad,,
ML1414,Priestess,Lady Killer,angry,,
ML1415,Morphine,Honey White,relaxed,,
ML1416,Aventura,La Nina,sad,,
ML1417,Sonic Youth,Incinerate,sad,,
ML1418,Ladytron,Seventeen,happy,,
ML1419,Bob Marley & The Wailers,No More Trouble,angry,,
ML1420,Black Uhuru,I Love King Selassie,happy,,
ML1421,Home Video,The Smoke,angry,,
ML1422,Steel Train,I Feel Weird,angry,,
ML1423,Louis Armstrong,Nobody Knows The Trouble I've Seen,angry,,
ML1424,Diana Krall,My Love Is,happy,,
ML1425,Linda Ronstadt,Little Girl Blue ,relaxed,,
ML1426,Bobby Womack,If You Think You're Lonely Now,sad,,
ML1427,Jermaine Jackson,Daddy's Home,relaxed,,
ML1428,K.C. & The Sunshine Band,Do You Wanna Go Party,happy,,
ML1429,Beyonce,I'd Rather Go Blind,relaxed,,
ML1430,Phil Perry,If Only You Knew,happy,,
ML1431,Buffalo Springfield,I Am A Child,relaxed,,
ML1432,Pink Floyd,Pigs On The Wing 1,sad,,
ML1433,The Association,Never My Love,happy,,
ML1434,Ray Charles,Lonely Avenue,sad,,
ML1435,Jakob Dylan,Gimme Some Truth ,relaxed,,
ML1436,Willie Nelson,Night Life,happy,,
ML1437,Gorillaz,Some Kind Of Nature ,relaxed,,
ML1438,The Pains Of Being Pure At Heart,Everything With You,sad,,
ML1439,We Were Promised Jetpacks,Ships With Holes Will Sink,sad,,
ML1440,The Duke Spirit,The Step And The Walk,happy,,
ML1441,Sharon Jones & The Dap-Kings,Mama Don't Like My Man,relaxed,,
ML1442,Wolf Parade,This Heart's On Fire,angry,,
ML1443,Ike & Tina Turner,I've Been Loving You Too Long,happy,,
ML1444,Air,Love,happy,,
ML1445,Kurt Elling,Say It ,happy,,
ML1446,Norah Jones,Shoot The Moon,sad,,
ML1447,Lou Rawls,You've Made Me So Very Happy,happy,,
ML1448,Mary J. Blige,A Dream,relaxed,,
ML1449,Nyasia,Who's Got Your Love,happy,,
ML1450,Destruction,Hate Is My Fuel,angry,,
ML1451,Dan Deacon,Okie Dokie,angry,,
ML1452,Innerpartysystem,American Trash,sad,,
ML1453,Thompson Square,Let's Fight,angry,,
ML1454,Bay City Rollers,Money Honey,relaxed,,
ML1455,Frankie Ruiz,Lo Dudo,sad,,
ML1456,Magneto,La Puerta Del Colegio,sad,,
ML1457,Santana,I Don't Wanna Lose Your Love ,relaxed,,
ML1458,Kiss,C'mon And Love Me,happy,,
ML1459,The Rolling Stones,Sway,angry,,
ML1460,Machine Head,Ten Ton Hammer,angry,,
ML1461,System Of A Down,War?,angry,,
ML1462,Bullet For My Valentine,Scream Aim Fire,angry,,
ML1463,Kansas,Fight Fire With Fire,angry,,
ML1464,The Beatles,Real Love,happy,,
ML1465,The Roots,The Fire ,angry,,
ML1466,The Used,Burning Down The House,angry,,
ML1467,Los Bukis,Contra Viento Y Marea,sad,,
ML1468,Anna Calvi,No More Words,happy,,
ML1469,Anna Calvi,Desire,angry,,
ML1470,Ricardo Arjona,La Mujer Que No Sone,sad,,
ML1471,Gang Of Four,Natural's Not In It,happy,,
ML1472,Stevie Wonder,Ordinary Pain,angry,,
ML1473,Jackie Wilson,To Be Loved,happy,,
ML1474,Death,Painkiller,angry,,
ML1475,Bayside,Already Gone,sad,,
ML1476,S. Carey,In The Dirt,sad,,
ML1477,Maps & Atlases,Living Decorations,sad,,
ML1478,Metallica,Free Speech For The Dumb,relaxed,,
ML1479,Tesla,Paradise,relaxed,,
ML1480,Aretha Franklin,See Saw,happy,,
ML1481,The Beatles,Your Mother Should Know,happy,,
ML1482,Alice Cooper,You Drive Me Nervous,angry,,
ML1483,Jill Scott,Hate On Me,angry,,
ML1484,Hooverphonic,2wicky,angry,,
ML1485,Kraak & Smaak,Keep Me Home ,relaxed,,
ML1486,The Cure,All Cats Are Grey,sad,,
ML1487,Crystal Castles,Vietnam,happy,,
ML1488,The Lemonheads,Dirty Robot,sad,,
ML1489,Pavement,Unfair,sad,,
ML1490,Basement Jaxx,Good Luck ,relaxed,,
ML1491,Machine Head,Clenching The Fists Of Dissent,angry,,
ML1492,Patti LaBelle,Over The Rainbow,relaxed,,
ML1493,Avenged Sevenfold,God Hates Us,angry,,
ML1494,Fear Factory,Fear Campaign,angry,,
ML1495,Dropkick Murphys,Peg O' My Heart,happy,,
ML1496,Stevie Wonder,Happy Birthday,happy,,
ML1497,Kem,Love Never Fails,happy,,
ML1498,Ray Charles,Sorry Seems To Be The Hardest Word ,sad,,
ML1499,Aaron Hall,All The Places ,happy,,
ML1500,Starfucker,Astoria,happy,,
ML1501,Anna Calvi,The Devil,angry,,
ML1502,Johnny Preston,Running Bear,relaxed,,
ML1503,The Five Keys,The Glory Of Love,happy,,
ML1504,Metric,Monster Hospital,angry,,
ML1505,The Used,Blue And Yellow,sad,,
ML1506,Lucinda Williams,Kiss Like Your Kiss,happy,,
ML1507,Waka Flocka Flame,Bang ,sad,,
ML1508,Randy Newman,It's Money That I Love,happy,,
ML1509,Korn,Blind,sad,,
ML1510,Mastodon,Colony Of Birchmen,sad,,
ML1511,Anita Baker,Lead Me Into Love,happy,,
ML1512,Jaill,The Stroller,angry,,
ML1513,Cut Copy,Hearts On Fire,angry,,
ML1514,Fleetwood Mac,Showbiz Blues,relaxed,,
ML1515,Massive Attack,Angel,happy,,
ML1516,The Cardigans,Carnival,happy,,
ML1517,Women,Locust Valley,sad,,
ML1518,The Flamingos,I'll Be Home,relaxed,,
ML1519,John Mayer,Perfectly Lonely,sad,,
ML1520,Paul McCartney,Another Day,sad,,
ML1521,Band Of Horses,Is There A Ghost,relaxed,,
ML1522,Robbie Robertson,Sweet Fire Of Love,angry,,
ML1523,Procol Harum,Conquistador,sad,,
ML1524,Exodus,Bonded By Blood,sad,,
ML1525,Lionel Richie,Deep River Woman,relaxed,,
ML1526,Iron Maiden,Be Quick Or Be Dead,angry,,
ML1527,Deadmau5,Outta My Life,sad,,
ML1528,Eliza Gilkyson,Looking For A Place,sad,,
ML1529,Calexico,Victor Jara's Hands,sad,,
ML1530,Warren Haynes,On A Real Lonely Night,sad,,
ML1531,Otis Redding,Let Me Come On Home,relaxed,,
ML1532,Sade,Love Is Found,happy,,
ML1533,Z-Trip,Walking Dead ,angry,,
ML1534,Cristian,Amor,sad,,
ML1535,Aterciopelados,Rompecabezas,sad,,
ML1536,Eric Clapton,Let It Grow,relaxed,,
ML1537,Avenged Sevenfold,Nightmare,angry,,
ML1538,Scorpions,Rock You Like A Hurricane,angry,,
ML1539,Papa Roach,Burn,angry,,
ML1540,Doors,Love Her Madly,happy,,
ML1541,Cult,Fire Woman,angry,,
ML1542,Machine Head,Aesthetics Of Hate,angry,,
ML1543,Dir En Grey,C,angry,,
ML1544,Red Hot Chili Peppers,Scar Tissue,sad,,
ML1545,Doors,Light My Fire,angry,,
ML1546,Smashing Pumpkins,Bullet With Butterfly Wings,angry,,
ML1547,Mudvayne,Scream With Me,angry,,
ML1548,Chevelle,Send The Pain Below,angry,,
ML1549,Motley Crue,Home Sweet Home,relaxed,,
ML1550,Rolling Stones,Gimme Shelter,angry,,
ML1551,Kiss,King Of The Night Time World,relaxed,,
ML1552,Grupo Bryndis,Asi Es El Amor,sad,,
ML1553,Los Angeles Negros,A Ti,sad,,
ML1554,R. Kelly,Touched A Dream,relaxed,,
ML1555,Women,Narrow With The Hall,sad,,
ML1556,Burial,Ghost Hardware,happy,,
ML1557,My Bloody Valentine,Soon,angry,,
ML1558,The Pains Of Being Pure At Heart,Even In Dreams,angry,,
ML1559,Elf Power,Let The Serpent Sleep,relaxed,,
ML1560,Andrew Bird,Simple X,angry,,
ML1561,The Beatles,For You Blue,relaxed,,
ML1562,Bobby Vinton,My Melody Of Love,happy,,
ML1563,Arc Angels,Shape I'm In,happy,,
ML1564,Bob Dylan,"Corrina, Corrina",relaxed,,
ML1565,Steel Panther,Death To All But Metal,sad,,
ML1566,Sheryl Crow,Killer Life,angry,,
ML1567,Big Head Todd & The Monsters,Please Don't Tell Her,happy,,
ML1568,Aaron Lewis,Massachusetts,relaxed,,
ML1569,Fleetwood Mac,Songbird,happy,,
ML1570,Boston,Party,happy,,
ML1571,The Beatles,Maxwell's Silver Hammer,sad,,
ML1572,The Who,Gettin' In Tune,relaxed,,
ML1573,Rene & Angela,I Love You More,happy,,
ML1574,Chaka Khan,Got To Be There,relaxed,,
ML1575,Shalamar,Somewhere There's A Love,happy,,
ML1576,Tiesto,Who Wants To Be Alone ,relaxed,,
ML1577,George Duke,Listen Baby,relaxed,,
ML1578,Musiq,Girl Next Door ,relaxed,,
ML1579,The Cure,The Perfect Girl,relaxed,,
ML1580,Martha & The Muffins,Echo Beach,relaxed,,
ML1581,Devo,Girl U Want,relaxed,,
ML1582,Ben Harper & The Innocent Criminals,Fight Outta You,angry,,
ML1583,Ginuwine,Trouble ,angry,,
ML1584,Tool,Part Of Me,sad,,
ML1585,Zapp & Roger,Slow And Easy,relaxed,,
ML1586,Patti LaBelle,When You Talk About Love,happy,,
ML1587,Mila J,No More Complaining,sad,,
ML1588,Musiq,Settle For My Love ,happy,,
ML1589,Brook Benton,Thank You Pretty Baby,happy,,
ML1590,Austrian Death Machine,It's Not A Tumor ,angry,,
ML1591,Walls Of Jericho,A Trigger Full Of Promises,angry,,
ML1592,Jo Dee Messina,Burn,angry,,
ML1593,Chimaira,Power Trip,angry,,
ML1594,Radiohead,Go To Sleep,sad,,
ML1595,Can,Moonshake,relaxed,,
ML1596,Matt & Kim,Don't Slow Down,sad,,
ML1597,New Found Glory,It's Not Your Fault,sad,,
ML1598,LCD Soundsystem,Disco Infiltrator,sad,,
ML1599,Kisses,People Can Do The Most Amazing Things,angry,,
ML1600,Starfucker,The White Of Noon,angry,,
ML1601,The Black Dahlia Murder,What A Horrible Night To Have A Curse,sad,,
ML1602,New York Dolls,Trash,sad,,
ML1603,Howlin' Wolf,Built For Comfort,relaxed,,
ML1604,Alela Diane,To Begin,sad,,
ML1605,Menomena,Lunchmeat,sad,,
ML1606,Malachai,Rainbows ,relaxed,,
ML1607,Frightened Rabbit,Fast Blood,angry,,
ML1608,Reba McEntire,I'm Not That Lonely Yet,sad,,
ML1609,Lupe Fiasco,Intruder Alert ,angry,,
ML1610,Tiziano Ferro,Tardes Negras,sad,,
ML1611,Kyle Riabko,What Did I Get Myself Into,relaxed,,
ML1612,Of Montreal,Doing Nothing,sad,,
ML1613,Gold Motel,The Cruel One,sad,,
ML1614,Rotten Sound,Scared,angry,,
ML1615,Wolf Parade,I'll Believe In Anything,angry,,
ML1616,The Rapture,House Of Jealous Lovers,relaxed,,
ML1617,OFF!,Poison City,angry,,
ML1618,Cradle Of Filth,Nymphetamine,sad,,
ML1619,Mount Moriah,Lament,angry,,
ML1620,Low,Just Stand Back,sad,,
ML1621,Bright Eyes,Devil Town,angry,,
ML1622,Fenech-Soler,Contender,angry,,
ML1623,Luis Fonsi,Abrazar La Vida,sad,,
ML1624,Anti-Flag,Turncoat,angry,,
ML1625,CeCe Winans,Away In A Manger,relaxed,,
ML1626,Daryl Hall & John Oates,Home For Christmas,relaxed,,
ML1627,"Harry Connick, Jr.",Blue Christmas,relaxed,,
ML1628,Peter White,Silent Night,relaxed,,
ML1629,Mariah Carey,Silent Night,relaxed,,
ML1630,Rascal Flatts,I'll Be Home For Christmas,relaxed,,
ML1631,Kenny Rogers & Dolly Parton,With Bells On,relaxed,,
ML1632,Kenny Chesney,Pretty Paper,relaxed,,
ML1633,Jo Dee Messina,Silent Night,relaxed,,
ML1634,Casting Crowns,Silent Night,relaxed,,
ML1635,Jim Brickman,Sending You A Little Christmas,relaxed,,
ML1636,Andy Williams,Silent Night,relaxed,,
ML1637,Josh Groban,Silent Night,relaxed,,
ML1638,Amy Grant,Silent Night,relaxed,,
ML1639,Vince Gill,Let There Be Peace On Earth,relaxed,,
ML1640,Stevie Wonder,One Little Christmas Tree,relaxed,,
ML1641,Six Feet Under,Shadow Of The Reaper,sad,,
ML1642,Sanctus Real,Silent Night,relaxed,,
ML1643,Out Of Eden,O Little Town Of Bethlehem,relaxed,,
ML1644,Michael McDonald,I'll Be Home For Christmas,relaxed,,
ML1645,Frank Sinatra,Silent Night,relaxed,,
ML1646,Obituary,Slowly We Rot,angry,,
ML1647,Underworld,Beautiful Burnout,relaxed,,
ML1648,Crystal Castles,Alice Practice,sad,,
ML1649,Randy Travis,White Christmas Makes Me Blue,relaxed,,
ML1650,Lady Antebellum,Blue Christmas,relaxed,,
ML1651,Rose,Sombre Con,sad,,
ML1652,Talking Heads,Blind,sad,,
ML1653,Beck,Nobody's Fault But My Own,sad,,
ML1654,King Crimson,Matte Kudasai,sad,,
ML1655,Dave Barnes,Family Tree,relaxed,,
ML1656,MERCY ME,Joseph's Lullaby,relaxed,,
ML1657,Matt Maher,Empty & Beautiful,angry,,
ML1658,Ledisi,Silent Night,relaxed,,
ML1659,Ledisi,What A Wonderful World,relaxed,,
ML1660,The Damned Things,Handbook For The Recently Deceased,angry,,
ML1661,Luis Miguel,Ayer,sad,,
ML1662,Slaughter,Mad About You,angry,,
ML1663,Mountain,Theme From An Imaginary Western,sad,,
ML1664,Bing Crosby,Silent Night,relaxed,,
ML1665,Th' Legendary Shack Shakers,Swampblood,sad,,
ML1666,Karrin Allyson,Everything Must Change,relaxed,,
ML1667,JJ Grey & Mofro,On Fire,angry,,
ML1668,Elvis Costello,One Bell Ringing,sad,,
ML1669,Mudcrutch,Crystal River,relaxed,,
ML1670,Louis Armstrong,What A Wonderful World,relaxed,,
ML1671,The Rolling Stones,Going Home,relaxed,,
ML1672,Elvis Presley,Blue Christmas ,relaxed,,
ML1673,Brooks & Dunn,Blue Christmas,relaxed,,
ML1674,Randy Travis,Pretty Paper,relaxed,,
ML1675,Slayer,Warzone,angry,,
ML1676,Meat Loaf,Hot Patootie-Bless My Soul,relaxed,,
ML1677,Susan Boyle,Silent Night,relaxed,,
ML1678,Vince Gill,Blue Christmas,relaxed,,
ML1679,Ricky Van Shelton,Blue Christmas,relaxed,,
ML1680,Clay Walker,Blue Christmas,relaxed,,
ML1681,Luther Vandross,Got You Home,relaxed,,
ML1682,Marques Houston,Favorite Girl,relaxed,,
ML1683,Goldfrapp,Little Bird,relaxed,,
ML1684,Smashing Pumpkins,Soma,angry,,
ML1685,Moby,Nearer,relaxed,,
ML1686,Cheap Trick,Auf Wiedersehen,angry,,
ML1687,Blonde Redhead,Here Sometimes,relaxed,,
ML1688,Zero 7,Ghost Symbol,relaxed,,
ML1689,Nirvana,Frances Farmer Will Have Her Revenge On Seattle,sad,,
ML1690,The Cure,Prayers For Rain,sad,,
ML1691,Band Of Horses,The Funeral,sad,,
ML1692,Barcelona,Colors,angry,,
ML1693,Joan Sebastian,Oyeme Chatita,sad,,
ML1694,Vicente Fernandez,Si Te Vas No Hay Lio,sad,,
ML1695,Armored Saint,Reign Of Fire,angry,,
ML1696,Billie Holiday,Am I Blue?,sad,,
ML1697,Solomon Burke,None Of Us Are Free,relaxed,,
ML1698,Ella Fitzgerald,Solitude ,sad,,
ML1699,Heart,How Can I Refuse,angry,,
ML1700,Cat Stevens,Sad Lisa,sad,,
ML1701,Rush,Cold Fire,angry,,
ML1702,The Mighty Mighty Bosstones,So Sad To Say,sad,,
ML1703,The Beatles,Her Majesty,relaxed,,
ML1704,Jose Feliciano,La Copa Rota,sad,,
ML1705,The Beach Boys,Surfer Girl,relaxed,,
ML1706,Billie Holiday,I Hear Music,relaxed,,
ML1707,Kem,When I'm Loving You,relaxed,,
ML1708,Natalie Merchant,"Crying, My Little One",relaxed,,
ML1709,Lacy J. Dalton,Takin' It Easy,relaxed,,
ML1710,Beach House,Gila,sad,,
ML1711,Jenny And Johnny,While Men Are Dreaming,relaxed,,
ML1712,Royksopp,It's What I Want,relaxed,,
ML1713,OK Go,All Is Not Lost,angry,,
ML1714,Rogue Wave,Endless Shovel,sad,,
ML1715,Daft Punk,Steam Machine,sad,,
ML1716,The Clash,Hate And War,angry,,
ML1717,Bauhaus,The Passion Of Lovers,angry,,
ML1718,Huey Lewis And The News,Respect Yourself,relaxed,,
ML1719,Ted Leo & The Pharmacists,Army Bound,sad,,
ML1720,Cat Power,He War,angry,,
ML1721,The Kinks,Set Me Free,relaxed,,
ML1722,Antony & The Johnsons,Shake That Devil,relaxed,,
ML1723,Foxy Shazam,Unstoppable,sad,,
ML1724,Mark Ronson,Just ,sad,,
ML1725,Daft Punk,Revolution 909,relaxed,,
ML1726,Broadcast,Tender Buttons,sad,,
ML1727,Ted Leo & The Pharmacists,The Ballad Of The Sin Father,angry,,
ML1728,Twisted Sister,Burn In Hell,angry,,
ML1729,Exodus,The Toxic Waltz,angry,,
ML1730,The Red Hot Chili Peppers,Fire,angry,,
ML1731,Dum Dum Girls,I Will Be,relaxed,,
ML1732,Bowerbirds,House Of Diamonds,relaxed,,
ML1733,Bullet For My Valentine,Alone,sad,,
ML1734,Frankie Ruiz,La Rueda,sad,,
ML1735,Musiq,Girl Next Door ,relaxed,,
ML1736,Devo,Race Of Doom,angry,,
ML1737,The Red Hot Chili Peppers,Fight Like A Brave,angry,,
ML1738,Living Colour,Glamour Boys,relaxed,,
ML1739,Norah Jones,The Long Way Home,relaxed,,
ML1740,Blood Brothers,Set Fire To The Face On Fire,angry,,
ML1741,Times Of Grace,Fight For Life,angry,,
ML1742,Pantera,Floods,angry,,
ML1743,Chet Baker,Let's Get Lost,angry,,
ML1744,Sarah Vaughan,Little Girl Blue,relaxed,,
ML1745,Sepultura,Territory,angry,,
ML1746,Kem,Into You,relaxed,,
ML1747,Axe Bahia,Beso En La Boca,sad,,
ML1748,Dinah Washington,Blue Skies,relaxed,,
ML1749,Jill Scott,Bedda At Home,relaxed,,
ML1750,Evile,Armoured Assault,angry,,
ML1751,The Brian Jonestown Massacre,Sailor,sad,,
ML1752,Caribou,Sun,relaxed,,
ML1753,Dean Martin,Send Me The Pillow You Dream On,relaxed,,
ML1754,Abysmal Dawn,The Descent,sad,,
ML1755,Ella Fitzgerald,Rocks In My Bed,relaxed,,
ML1756,The Ramones,Surfin' Bird,relaxed,,
ML1757,Bloc Party,Banquet,angry,,
ML1758,The Kooks,If Only,angry,,
ML1759,The White Tie Affair,Candle ,sad,,
ML1760,Keane,This Is The Last Time,sad,,
ML1761,Smashing Pumpkins,I Am One,angry,,
ML1762,Visions Of Atlantis,Twist Of Fate,angry,,
ML1763,Wilco,War On War,angry,,
ML1764,Jenny Lewis,Pretty Bird,relaxed,,
ML1765,Visions Of Atlantis,Conquest Of Others,angry,,
ML1766,Steel Train,Firecracker,sad,,
ML1767,Cavalera Conspiracy,Blunt Force Trauma,angry,,
ML1768,Mastodon,Iron Tusk,angry,,
ML1769,Luis Enrique,San Juan Sin Ti,sad,,
ML1770,Alejandra Guzman,Hacer El Amor Con Otro,sad,,
ML1771,Neil Diamond,Kentucky Woman,relaxed,,
ML1772,Tinariwen,Matadjem Yinmixan,angry,,
ML1773,Miike Snow,Burial,angry,,
ML1774,Alice Russell,Hurry On Now,sad,,
ML1775,Darryl Worley,Family Tree,relaxed,,
ML1776,Chris Ledoux,Hooked On An 8 Second Ride,angry,,
ML1777,Brooks & Dunn,We'll Burn That Bridge,angry,,
ML1778,The Ting Tings,That's Not My Name,sad,,
ML1779,Richie Havens,Here Comes The Sun,relaxed,,
ML1780,Sophie Milman,I'm On Fire,angry,,
ML1781,Metallica,Seek &#x26; Destroy,angry,,
ML1782,Radiohead,Nude,sad,,
ML1783,Crocodiles,All My Hate And My Hexes Are For You,angry,,
ML1784,Austra,Spellwork,angry,,
ML1785,The Flaming Lips,Sagittarius Silver Announcement,relaxed,,
ML1786,Lee Andrews & The Hearts,Long Lonely Nights,sad,,
ML1787,Kraftwerk,Neon Lights,sad,,
ML1788,The Grateful Dead,Till The Morning Comes,relaxed,,
ML1789,Caribou,Sun,relaxed,,
ML1790,Timi Yuro,Hurt,angry,,
ML1791,Eric Benet,Hurricane,angry,,
ML1792,David Rock Feinstein,Metal Will Never Die ,sad,,
ML1793,No Age,Things I Did When I Was Dead,angry,,
ML1794,The Raveonettes,Evil Seeds,angry,,
ML1795,Atreyu,Lonely,sad,,
ML1796,Finger Eleven,Stay In Shadow,sad,,
ML1797,Lacuna Coil,I Won't Tell You,angry,,
ML1798,Serj Tankian,Sky Is Over,relaxed,,
ML1799,Buckcherry,Broken Glass,sad,,
ML1800,Joss Stone,Bruised But Not Broken,angry,,
ML1801,Framing Hanley,You Stupid Girl,sad,,
ML1802,Los Primos De Durango,Se Me Antoja Tu Piel,sad,,
ML1803,Alexander O'Neal,Innocent,relaxed,,
ML1804,Raheem DeVaughn,Nobody Wins A War ,angry,,
ML1805,Unwritten Law,Save Me,sad,,
ML1806,Gwar,A Gathering Of Ghouls,angry,,
ML1807,BarlowGirl,Stay With Me,angry,,
ML1808,British Sea Power,Oh Larsen B,sad,,
ML1809,Neil Young,Angry World,angry,,
ML1810,Yeah Yeah Yeahs,Dull Life,angry,,
ML1811,Chalino Sanchez,Corazoncito Tirano,sad,,
ML1812,Wavves,Super Soaker,sad,,
ML1813,Belle & Sebastian,The Ghost Of Rockschool,relaxed,,
ML1814,M. Ward,Blake's View,sad,,
ML1815,Hannah Montana,Gonna Get This ,relaxed,,
ML1816,Joyce Sims,All And All,relaxed,,
ML1817,Skillet,Live Free Or Let Me Die,angry,,
ML1818,Vanessa Williams,Lazy Afternoon,sad,,
ML1819,Buddy Guy,I Smell Trouble,angry,,
ML1820,The Vaselines,You Think You're A Man,relaxed,,
ML1821,Mishka,Above The Bones,relaxed,,
ML1822,Azure Ray,The Drinks We Drank Last Night,sad,,
ML1823,The Flaming Lips,The Sparrow Looks Up At The Machine,sad,,
ML1824,Alkaline Trio,Time To Waste,sad,,
ML1825,Marc Anthony,Hasta Que Vuelvas Conmigo ,sad,,
ML1826,The Carpenters,Ticket To Ride,sad,,
ML1827,Jazmine Sullivan,After The Hurricane,angry,,
ML1828,Beres Hammond,Try If You Want,angry,,
ML1829,John Pizzarelli,Happy Talk,relaxed,,
ML1830,Ray Charles,Somewhere Over The Rainbow ,relaxed,,
ML1831,Guns N' Roses,Paradise City ,relaxed,,
ML1832,Skeeter Davis,I Can't Stay Mad At You,angry,,
ML1833,Teddy Pendergrass,"Easy, Easy, Got To Take It Easy",relaxed,,
ML1834,Glen Campbell,Dream Baby ,relaxed,,
ML1835,Disturbed,Believe,angry,,
ML1836,Los Traileros Del Norte,Anoche Estuve Llorando,sad,,
ML1837,Midlake,Head Home,relaxed,,
ML1838,Joan Sebastian,Amor Limosnero,sad,,
ML1839,The Kills,Getting Down,angry,,
ML1840,Slayer,Necrophobic,sad,,
ML1841,Tame Impala,The Bold Arrow Of Time,sad,,
ML1842,Buke And Gass,Naked Cities,sad,,
ML1843,We Are Scientists,Pittsburgh,relaxed,,
ML1844,Orange Juice,Falling And Laughing,angry,,
ML1845,Two Door Cinema Club,Undercover Martyn,sad,,
ML1846,Raul Malo,You're Only Lonely,sad,,
ML1847,In This Moment,Beautiful Tragedy,angry,,
ML1848,Broken Social Scene,Fire Eye'd Boy,angry,,
ML1849,Dave Matthews & Tim Reynolds,Crash Into Me,angry,,
ML1850,Andy Williams,Butterfly,relaxed,,
ML1851,Luis Miguel,Cruz De Olvido,sad,,
ML1852,The Smiths,Meat Is Murder,sad,,
ML1853,Ellie Goulding,Your Biggest Mistake,sad,,
ML1854,Hey Champ,Cold Dust Girl,sad,,
ML1855,Eisley,Sad,sad,,
ML1856,Railroad Earth,Hard Livin',sad,,
ML1857,Ben Kweller,Fight,angry,,
ML1858,Warbringer,Total War,angry,,
ML1859,Fruit Bats,Legs Of Bees,sad,,
ML1860,Sons And Daughters,Johnny Cash,relaxed,,
ML1861,The Fixx,Deeper And Deeper ,sad,,
ML1862,Starfucker,Millions,angry,,
ML1863,Pink Floyd,Chapter 24,relaxed,,
ML1864,Panda Bear,Search For Delicious,angry,,
ML1865,Black Rebel Motorcycle Club,Ain't No Easy Way,relaxed,,
ML1866,ABC,Poison Arrow,angry,,
ML1867,Bloodsimple,Falling Backwards,angry,,
ML1868,Toby Beau,My Angel Baby,relaxed,,
ML1869,Jeffrey Osborne,Don't You Get So Mad,angry,,
ML1870,Ann & Nancy Wilson,Blue Christmas,relaxed,,
ML1871,ZZ Top,Arrested For Driving While Blind,sad,,
ML1872,Fear Factory,Self Bias Resistor,angry,,
ML1873,Inna,Amazing,angry,,
ML1874,Kaskade,Fire In Your New Shoes ,angry,,
ML1875,Jeff Lorber,Reflections,relaxed,,
ML1876,Jose Luis Perales,El Amor,sad,,
ML1877,Def Leppard,Comin' Under Fire,angry,,
ML1878,Bruce Channel,Hey! Baby,relaxed,,
ML1879,Echoing Angels,God Bless Us,relaxed,,
ML1880,Al Jarreau,White Christmas,relaxed,,
ML1881,The Supremes,My Christmas Tree,relaxed,,
ML1882,Bronco,Cinco Locos,sad,,
ML1883,Dethklok,Burn The Earth,angry,,
ML1884,Peter White,Silent Night ,relaxed,,
ML1885,Wilson Phillips,Silent Night,relaxed,,
ML1886,LeAnn Rimes,All I Want For Christmas,relaxed,,
ML1887,Jackie Evancho,Silent Night,relaxed,,
ML1888,Trans-Siberian Orchestra,This Christmas Day,relaxed,,
ML1889,Vince Gill,Do You Hear What I Hear,relaxed,,
ML1890,"Harry Connick, Jr.",Silent Night,relaxed,,
ML1891,Ella Fitzgerald,Take Love Easy ,relaxed,,
ML1892,Don Henley,Taking You Home,relaxed,,
ML1893,Gloriana,Silent Night,relaxed,,
ML1894,Dean Martin,Silent Night,relaxed,,
ML1895,Jerry Lee Lewis,"Another Place, Another Time",sad,,
ML1896,Johnny Cash,Blue Christmas,relaxed,,
ML1897,Johnny Cash,The Gifts They Gave,relaxed,,
ML1898,The Staple Singers,Respect Yourself,relaxed,,
ML1899,Dashboard Confessional,Vindicated,sad,,
ML1900,Carrie Underwood,Home Sweet Home,relaxed,,
ML1901,Hey Monday,How You Love Me Now,relaxed,,
ML1902,Janelle Monae,Cold War,angry,,
ML1903,The Ramones,53rd & 3rd,sad,,
ML1904,Asobi Seksu,Thursday,sad,,
ML1905,Mastodon,Crusher Destroyer,angry,,
ML1906,Symphony X,Serpent's Kiss,angry,,
ML1907,Keb' Mo',The Door,sad,,
ML1908,Lindsey Buckingham,Go Insane,angry,,
ML1909,The Temper Trap,Love Lost,angry,,
ML1910,The Go! Team,Rolling Blackouts,sad,,
ML1911,Kaiser Chiefs,Oh My God,relaxed,,
ML1912,Editors,No Sound But The Wind,angry,,
ML1913,Tony Bennett,Lullaby Of Broadway ,relaxed,,
ML1914,Animal Collective,Bleed,angry,,
ML1915,Underworld,Hamburg Hotel,sad,,
ML1916,Caribou,Found Out,sad,,
ML1917,Iggy & The Stooges,Gimme Danger,angry,,
ML1918,Cassandra Wilson,Black Orpheus,sad,,
ML1919,JJ Grey & Mofro,Lullaby,relaxed,,
ML1920,Cowboy Junkies,Flirted With You All My Life,sad,,
ML1921,Nitzer Ebb,Join In The Chant,angry,,
ML1922,Paris Hilton,Fightin' Over Me ,angry,,
ML1923,Killing Joke,The Death And Resurrection Show,angry,,
ML1924,Jet,Black Hearts ,angry,,
ML1925,Rev Theory,Broken Bones,angry,,
ML1926,Cold,Suffocate,angry,,
ML1927,Slayer,Evil Has No Boundaries,angry,,
ML1928,Emilio Navaira,No Es El Fin Del Mundo ,sad,,
ML1929,Cafe Tacuba,Las Persianas,sad,,
ML1930,Weekend,End Times,sad,,
ML1931,The Autumn Defense,Step Easy,relaxed,,
ML1932,The Beatles,Free As A Bird,relaxed,,
ML1933,Irma Thomas,Same Old Blues,sad,,
ML1934,Jimi Hendrix,Who Knows,relaxed,,
ML1935,Cloud Nothings,Old Street,relaxed,,
ML1936,Vivian Girls,All The Time,sad,,
ML1937,The Avalanches,Flight Tonight,angry,,
ML1938,Bruce Springsteen & The E Street Band,Fire ,angry,,
ML1939,Ruben Blades,El Padre Antonio Y El Monaguillo Andres,sad,,
ML1940,3 Inches Of Blood,Trial Of Champions,angry,,
ML1941,Forbidden,Forsaken at the Gates,sad,,
ML1942,Serena Ryder,Little Bit Of Red,relaxed,,
ML1943,Patty Griffin,You'll Remember,sad,,
ML1944,Bobby Darin,Blue Skies,relaxed,,
ML1945,Kirk Whalum,Inside ,relaxed,,
ML1946,Fear Factory,Replica,angry,,
ML1947,Dolly Parton,It's Sure Gonna Hurt ,angry,,
ML1948,Arch Enemy,I Will Live Again,angry,,
ML1949,The Innocence Mission,Gentle The Rain At Home,relaxed,,
ML1950,John Scofield,Motherless Child,relaxed,,
ML1951,Javier Solis,Lloraremos Los Dos,sad,,
ML1952,Iron Maiden,The Evil That Men Do,angry,,
ML1953,Motley Crue,White Trash Circus,sad,,
ML1954,Aerosmith,Get A Grip,sad,,
ML1955,Aerosmith,Fever,sad,,
ML1956,Decyfer Down,Crash,angry,,
ML1957,Buffalo Springfield,Kind Woman,relaxed,,
ML1958,Robi Draco Rosa,Vagabundo,sad,,
ML1959,Zoe,Reptilectric,sad,,
ML1960,MDO,No Puedo Olvidarme De Ti ,sad,,
ML1961,Braille,Counter Attack ,angry,,
ML1962,Gary Puckett & The Union Gap,This Girl Is A Woman Now,relaxed,,
ML1963,Cassandra Wilson,A Day In The Life Of A Fool,sad,,
ML1964,Danzig,Dirty Black Summer,sad,,
ML1965,K'Naan,Fire In Freetown,angry,,
ML1966,Dead Confederate,Run From The Gun,angry,,
ML1967,Love Is All,Bigger Bolder,angry,,
ML1968,The Raveonettes,Heart Of Stone,angry,,
ML1969,The Smiths,London,sad,,
ML1970,Jeru The Damaja,D. Original,sad,,
ML1971,Phyllis Hyman,"Loving You, Losing You",angry,,
ML1972,Neko Case,Lady Pilot,angry,,
ML1973,Jonathan Richman,I Was The One She Came For,angry,,
ML1974,Erasure,Love To Hate You,angry,,
ML1975,Tab Benoit,Can't You See,sad,,
ML1976,Charles Brown,Trouble Blues,angry,,
ML1977,Brett Dennen,Dancing At A Funeral,sad,,
ML1978,Motograter,Down,sad,,
ML1979,Anders Osborne,Killing Each Other,angry,,
ML1980,Frankie Goes To Hollywood,Two Tribes,angry,,
ML1981,Tricky,Murder Weapon,angry,,
ML1982,Morcheeba,Fear & Love,angry,,
ML1983,Bad Religion,Let Them Eat War,angry,,
ML1984,High On Fire,Holy Flames Of The Fire Spitter,angry,,
ML1985,Pink Floyd,Take Up Thy Stethoscope And Walk,angry,,
ML1986,All That Remains,Become The Catalyst,angry,,
ML1987,Five Finger Death Punch,Burn It Down,angry,,
ML1988,Phobia,Sign Of Times,angry,,
ML1989,M.I.A.,Bucky Done Gun,angry,,
ML1990,Testament,Apocalyptic City ,angry,,
ML1991,The Sex Pistols,Liar,angry,,
ML1992,Unearth,Endless,angry,,
ML1993,Iron Maiden,Fear Of The Dark,angry,,
ML1994,30 Seconds To Mars,Search And Destroy,angry,,
ML1995,Muse,Take A Bow,angry,,
ML1996,David Bowie,I'm Afraid Of Americans,angry,,
ML1997,U2,The Refugee,angry,,
ML1998,Lair Of The Minotaur,Evil Power,angry,,
ML1999,Jimmy Ruffin,I've Passed This Way Before,angry,,
ML2000,High On Fire,Bastard Samurai,angry,,